pathogen_name,pathogen_type,frequency_hz,disease_count,associated_diseases,target_organs
Entamoeba histolytica,Necunoscut,"381,100",1,Abces hepatic amoebian,hepar
Entamoeba histolytica trofozoite,385,387.8,1,Abces hepatic amoebian,hepar
Entamoeba histolytica trophozoite,385,387.8,1,Abces hepatic amoebian,hepar
Paragonimus utero-bilateral,Necunoscut,parazit,1,Abcesele cerebrale,cerebrum totalis; frontal cerebrum; occipital cerebrum
Propionibacterium acnes,Bacterie,"383,750",7,Infecții; Endocardita bacteriană; Endocardita bacteriană (streptococi viridans sau enterococi); Endocardita Infecțioasă; Osteomielita acută și cronică; ACNEE; Endocardita gonococică,erythrocutes; cutis; os; periosteum; mitrai valve; myocardium; blood; lymph; bones; endocardium; cor
Propionobacterium acnes,387,389.0,2,Osteomielita acută și cronică; ACNEE,os; periosteum; cutis; bones
Dioxina,Necunoscut,cancerogen,10,EWING (sarcomul lui...); OASE (cancer la oase...) — SARCOMUL LUI EWING; LIMFOM; Sarcomul Ewing; Osteosarcomul; KAPOSI (sarcomul lui...); SARCOMUL LUI EWING; ACNEE; LEUCEMIE; Sarcom Kaposi,erythrocutes; cutis; granulocytes; os; lymph; blood; pulma; bone marrow; bones
ONCO JUN (Onchocerca),Parazit,6.899.879,12,ACRODERMATITA; Dermatita schistosomică (pruritul înotătorului); DERMATITA; Dermatita de Stază; NODULI; CECITATE; Dermatita actinică cronică; Oncocercoza; Dermatita herpetiformă; Hipoxemia severă (Sindromul de detresă respiratorie a adultului - ARDS); DINTI - MASEA DE MINTE INCLUSA; DERMATITA SEBOREICA,bronchi; cutis; petina et chorioidea; conjunctiva; glandula thyreoidea; lymph; pulma; crystalline lens; cornea; teeth; vitreous body
Borrelia afzelii / burgdorferi,Necunoscut,bacterie,8,Boala Lyme; ACRODERMATITA; Boala renală cronică în contextul hipertensiunii; DERMATITA; Boala Granulomatoasă Cronică; Boala pulmonară obstructivă cronică (BPOC); Polineuropatia în boala Lyme; Boala hepatică cronică,erythrocutes; bronchi; medulla spinalis; cutis; membrana synovalis; renes; lymph; blood; nervus trigeminus; pulma; hepar; arteries; cor
Actinomyces odontosyticus,Bacterie,6.486.846,8,"Boli pulmonare obstructive cronice (BPOC); Actinomicoza; Boli pulmonare interstițiale (BPI); Leziuni pulmonare acute legate de transfuzie (TRALI); Afectări Cardiopulmonare; Infecții extrapulmonare cu Legionella; Infecții pulmonare (e.g., pneumonie, aspergiloză); Afecțiuni pulmonare datorate poluării atmosferice",bronchi; cutis; lymph; myocardium; blood; pulma; hepar; cor
Lumpy Jaw,Necunoscut,-,1,Actinomicoza,lymph; cutis; hepar; pulma
Multiceps serialis,Parazit,"453,600",9,"CRAMPE MUSCULARE (in general); DISTROFIE MUSCULARA; RIGIDITATE (articulară, musculară); CHIST; Distrofia Musculară Becker; Afectarea sistemului nervos central (SNC); Distrofia Musculară Duchenne; MUȘCHI-DISTROFIE MUSCULARĂ; Boli musculare",muscle; medulla spinalis; ovaria; renes; blood; cerebrum totalis; hepar
Toxocara canis,Parazit,"170,000",3,Larva migrans viscerală și oculară; Afectarea sistemului nervos central (SNC); CECITATE,medulla spinalis; petina et chorioidea; conjunctiva; cerebrum totalis; crystalline lens; cornea; hepar; vitreous body
Echinococcus granulosus (chist),Necunoscut,446.5,47,"Toxoplasmoza extrapulmonară; EMBOLIE PULMONARA; Boala pulmonară obstructivă cronică (BPOC); Hipertensiunea pulmonară primitivă; Cancer pulmonar legat de azbest; Proteinoza alveolară pulmonară (PAP); Fibroza pulmonară idiopatică; Transplant pulmonar și complicații; Infecții neurologice (e.g., meningită, abces cerebral); Carcinogeneza respiratorie (cancer pulmonar legat de expunerea profesională); Fibroza pulmonară idiopatică (FPI); CHIST; Sindromul Pulmonar cu Hantavirus; OPRESIUNE PULMONARĂ; Hipertensiunea pulmonară secundară; Pneumonie, bronșiectazii și abces pulmonar; Leziuni pulmonare acute legate de transfuzie (TRALI); Tromboembolismul pulmonar (TEP); Insuficiență cardiacă și cor pulmonar; Aspergiloză bronhopulmonară alergică (ABPA); Hipertensiune pulmonară; Boli pulmonare obstructive cronice (BPOC); Cancerul pulmonar; Hemosideroza pulmonară idiopatică; Boli pulmonare interstițiale (BPI); Eozinofilia pulmonară tropicală; Embolie pulmonară; Cord pulmonar cronic; Boală pulmonară obstructivă cronică (BPOC); Afectări Cardiopulmonare; Cordul pulmonar; Embolie pulmonară masivă; Edem pulmonar acut; Edem pulmonar; Hipertensiunea Pulmonară; Schistosomiaza pulmonară; INFARCT (cerebral); Hipertensiunea pulmonară; Cancer pulmonar; Stenoza pulmonară congenitală; Sindromul hepatopulmonar; Infecții extrapulmonare cu Legionella; Aspergiloza bronhopulmonară alergică (ABPA); Embolism pulmonar; Tromboembolie pulmonară și tromboză venoasă profundă; Infecții pulmonare (e.g., pneumonie, aspergiloză); Afecțiuni pulmonare datorate poluării atmosferice",ventr. cordis sin.; bronchi; renes; myocardium; mitrai valve; larynx; dura mater encephali; frontal cerebrum; pia mater encephali; ventr. cordis dext.; blood; endocardium; hepar; arteries; ovaria; occipital cerebrum; cerebrum totalis; pharynx; erythrocutes; pulma; cor
Treponema pallidum,Bacterie,"346,850",4,Sifilis; Neurosifilis; Boala cardiovasculară diabetică; Afecțiuni cardiovasculare legate de stresul termic,cutis; os; myocardium; blood; occipital cerebrum; cerebrum totalis; corpus amygdaloid.; bones; frontal cerebrum; arteries; cor
Treponema pallidum (sifilis),347,347.4,4,Sifilis; Neurosifilis; Boala cardiovasculară diabetică; Afecțiuni cardiovasculare legate de stresul termic,cutis; os; myocardium; blood; occipital cerebrum; cerebrum totalis; corpus amygdaloid.; bones; frontal cerebrum; arteries; cor
Treponema pallidum – sifilis,347,347.4,4,Sifilis; Neurosifilis; Boala cardiovasculară diabetică; Afecțiuni cardiovasculare legate de stresul termic,cutis; os; myocardium; blood; occipital cerebrum; cerebrum totalis; corpus amygdaloid.; bones; frontal cerebrum; arteries; cor
Eikenella corrodens,Bacterie,"379,500",33,"Infecții produse de Aeromonas și Plesiomonas; Pneumonia industrială (expunere la oxizi de metale sau gaze acide); Afecțiuni dermatologice legate de expunerea la toxine; Endocardita bacteriană (streptococi viridans sau enterococi); Infecții provocate de Haemophilus influenzae tip b (Hib); Sindromul de feminizare testiculară (Insensibilitate completă la androgeni); Infecții legate de schimbările climatice; Erizipeloidul (Infecții de la pești sau carne contaminată); Leucemia legată de expunerea la benzen; Infecții cauzate de Haemophilus ducreyi (chancre moale); Infecții prin zgârieturi de pisică (Boala zgârieturii de pisică); Infecții; GILLES DE LA TOURETTE (sindromul lui...); Infecții produse prin mușcături de câine; Endocardita gonococică; MICOZĂ (... la degetele de la picioare) SAU PICIOR DE ATLET; Expunere la clorură de vinil; Infecții produse prin mușcături de pisică; Infecții cauzate de Haemophilus, Bordetella etc.; Sindromul de hipersensibilitate la medicamente (DRESS); Infecții de transmitere sexuală și ale aparatului reproducător; Infecții la gazda imunocompromisă; Infecții produse de arsuri termice; Infecții produse de mușcătura de om; Sindromul Gilles de la Tourette; ALERGIE LA ÎNȚEPĂTURI DE VIESPE SAU DE ALBINĂ; ALERGIE LA PEȘTI SAU FRUCTE DE MARE; Sinuzita fungică invazivă; Endocardita bacteriană; Endocardita Infecțioasă; Bisinoza (expunere la pulberi de bumbac); Infecții cu Bartonella (Boala Zgârieturii de Pisică, Febra Oroya, Veruca Peruană, Angiomatoza Bacilară); Infecții produse de mușcăturile șerpilor veninoși",bronchi; uterus; uterine cervix; prostata; renes; myocardium; mitrai valve; bone marrow; mucosa nasalis; dura mater encephali; corpus amygdaloid.; mem. max. sinus; blood; endocardium; hepar; auditory ossicle; vagina; tympanic cavity; membrana synovalis; testes; cerebrum totalis; pharynx; hypophysis; mem. frontal sinus; cochlea; tuba auditiva; nos. kpl. sinusitis; erythrocutes; medulla spinalis; cutis; lymph; pulma; cor
Dipylidium caninum (proglottid composite),Parazit,"439,550",17,ALERGIE LA PEȘTI SAU FRUCTE DE MARE; Expunere la clorură de vinil; Pneumonia industrială (expunere la oxizi de metale sau gaze acide); Sindromul de hipersensibilitate la medicamente (DRESS); Afecțiuni dermatologice legate de expunerea la toxine; Prurit; GILLES DE LA TOURETTE (sindromul lui...); INCONTINENTA LA COPII; Sindromul de feminizare testiculară (Insensibilitate completă la androgeni); Bisinoza (expunere la pulberi de bumbac); Sindromul Gilles de la Tourette; Hipoxemia severă (Sindromul de detresă respiratorie a adultului - ARDS); ALERGIE LA ÎNȚEPĂTURI DE VIESPE SAU DE ALBINĂ; DINTI - MASEA DE MINTE INCLUSA; MICOZĂ (... la degetele de la picioare) SAU PICIOR DE ATLET; Leucemia legată de expunerea la benzen; Erizipeloidul (Infecții de la pești sau carne contaminată),erythrocutes; bronchi; medulla spinalis; cutis; vesies urinaria; blood; testes; pulma; cerebrum totalis; bone marrow; pharynx; teeth; hypophysis; hepar; corpus amygdaloid.
Dirofilaria immitis,Parazit,"408,150",34,"Infecții produse de Aeromonas și Plesiomonas; Pneumonia industrială (expunere la oxizi de metale sau gaze acide); Afecțiuni dermatologice legate de expunerea la toxine; Deficit de zinc și vitamina A; Sindromul de feminizare testiculară (Insensibilitate completă la androgeni); Deficitul de vitamine și minerale; Hipogonadism hipogonadotropic (deficit de LH și FSH); Erizipeloidul (Infecții de la pești sau carne contaminată); Leucemia legată de expunerea la benzen; Examen de frotiu sanguin și măduvă osoasă; NODULI; Coxiurile de ciment (silicoza și boli obstructive); GILLES DE LA TOURETTE (sindromul lui...); Insuficiență cardiacă și cor pulmonar; MICOZĂ (... la degetele de la picioare) SAU PICIOR DE ATLET; Expunere la clorură de vinil; Deficitul de Carnitină și CPT; RĂU DE INIMĂ; Sindromul de hipersensibilitate la medicamente (DRESS); Sindromul de Ambliopie, Neuropatie Dureroasă și Dermatită Orogenitală (Sindromul Strachan); Hepatita toxică și indusă de medicamente; Infecții de transmitere sexuală și ale aparatului reproducător; Sindromul de ambliopie, neuropatie dureroasă și dermatită orogenitală (Sindromul Strachan); Infecțiile respiratorii recurente (legate de bronșiectazii și FC); MICOZĂ (... pe pielea capului, fire de păr și unghii); Sindromul carcinoid și boala Hartnup (Deficit secundar de Niacină); Sindromul Gilles de la Tourette; Cancer de cap și gât; ALERGIE LA ÎNȚEPĂTURI DE VIESPE SAU DE ALBINĂ; ALERGIE LA PEȘTI SAU FRUCTE DE MARE; Sindromul de neoplazie endocrină multiplă (MEN 1 și MEN 2); Hiperproducția de renină și aldosteronism secundar; Bisinoza (expunere la pulberi de bumbac); Tromboembolie pulmonară și tromboză venoasă profundă",bronchi; uterus; uterine cervix; nervus opticus; prostata; os; mama dextra; myocardium; gland. parathyreoid; colon; bone marrow; mucosa nasalis; larynx; pancreas; corpus amygdaloid.; petina et chorioidea; mamma sinistra; blood; hepar; vagina; muscle; ovaria; glandula thyreoidea; testes; cerebrum totalis; pharynx; hypophysis; gld. supraren. med.; nos. kpl. sinusitis; erythrocutes; medulla spinalis; cutis; lymph; pulma; gld. supraren. cort; bones; cor
Dirofilaria immitis (vierme inima caini),409,411.15,34,"Infecții produse de Aeromonas și Plesiomonas; Pneumonia industrială (expunere la oxizi de metale sau gaze acide); Afecțiuni dermatologice legate de expunerea la toxine; Deficit de zinc și vitamina A; Sindromul de feminizare testiculară (Insensibilitate completă la androgeni); Deficitul de vitamine și minerale; Hipogonadism hipogonadotropic (deficit de LH și FSH); Erizipeloidul (Infecții de la pești sau carne contaminată); Leucemia legată de expunerea la benzen; Examen de frotiu sanguin și măduvă osoasă; NODULI; Coxiurile de ciment (silicoza și boli obstructive); GILLES DE LA TOURETTE (sindromul lui...); Insuficiență cardiacă și cor pulmonar; MICOZĂ (... la degetele de la picioare) SAU PICIOR DE ATLET; Expunere la clorură de vinil; Deficitul de Carnitină și CPT; RĂU DE INIMĂ; Sindromul de hipersensibilitate la medicamente (DRESS); Sindromul de Ambliopie, Neuropatie Dureroasă și Dermatită Orogenitală (Sindromul Strachan); Hepatita toxică și indusă de medicamente; Infecții de transmitere sexuală și ale aparatului reproducător; Sindromul de ambliopie, neuropatie dureroasă și dermatită orogenitală (Sindromul Strachan); Infecțiile respiratorii recurente (legate de bronșiectazii și FC); MICOZĂ (... pe pielea capului, fire de păr și unghii); Sindromul carcinoid și boala Hartnup (Deficit secundar de Niacină); Sindromul Gilles de la Tourette; Cancer de cap și gât; ALERGIE LA ÎNȚEPĂTURI DE VIESPE SAU DE ALBINĂ; ALERGIE LA PEȘTI SAU FRUCTE DE MARE; Sindromul de neoplazie endocrină multiplă (MEN 1 și MEN 2); Hiperproducția de renină și aldosteronism secundar; Bisinoza (expunere la pulberi de bumbac); Tromboembolie pulmonară și tromboză venoasă profundă",bronchi; uterus; uterine cervix; nervus opticus; prostata; os; mama dextra; myocardium; gland. parathyreoid; colon; bone marrow; mucosa nasalis; larynx; pancreas; corpus amygdaloid.; petina et chorioidea; mamma sinistra; blood; hepar; vagina; muscle; ovaria; glandula thyreoidea; testes; cerebrum totalis; pharynx; hypophysis; gld. supraren. med.; nos. kpl. sinusitis; erythrocutes; medulla spinalis; cutis; lymph; pulma; gld. supraren. cort; bones; cor
Dirofilaria immitis – vierme de inimă la câine,409,411.15,34,"Infecții produse de Aeromonas și Plesiomonas; Pneumonia industrială (expunere la oxizi de metale sau gaze acide); Afecțiuni dermatologice legate de expunerea la toxine; Deficit de zinc și vitamina A; Sindromul de feminizare testiculară (Insensibilitate completă la androgeni); Deficitul de vitamine și minerale; Hipogonadism hipogonadotropic (deficit de LH și FSH); Erizipeloidul (Infecții de la pești sau carne contaminată); Leucemia legată de expunerea la benzen; Examen de frotiu sanguin și măduvă osoasă; NODULI; Coxiurile de ciment (silicoza și boli obstructive); GILLES DE LA TOURETTE (sindromul lui...); Insuficiență cardiacă și cor pulmonar; MICOZĂ (... la degetele de la picioare) SAU PICIOR DE ATLET; Expunere la clorură de vinil; Deficitul de Carnitină și CPT; RĂU DE INIMĂ; Sindromul de hipersensibilitate la medicamente (DRESS); Sindromul de Ambliopie, Neuropatie Dureroasă și Dermatită Orogenitală (Sindromul Strachan); Hepatita toxică și indusă de medicamente; Infecții de transmitere sexuală și ale aparatului reproducător; Sindromul de ambliopie, neuropatie dureroasă și dermatită orogenitală (Sindromul Strachan); Infecțiile respiratorii recurente (legate de bronșiectazii și FC); MICOZĂ (... pe pielea capului, fire de păr și unghii); Sindromul carcinoid și boala Hartnup (Deficit secundar de Niacină); Sindromul Gilles de la Tourette; Cancer de cap și gât; ALERGIE LA ÎNȚEPĂTURI DE VIESPE SAU DE ALBINĂ; ALERGIE LA PEȘTI SAU FRUCTE DE MARE; Sindromul de neoplazie endocrină multiplă (MEN 1 și MEN 2); Hiperproducția de renină și aldosteronism secundar; Bisinoza (expunere la pulberi de bumbac); Tromboembolie pulmonară și tromboză venoasă profundă",bronchi; uterus; uterine cervix; nervus opticus; prostata; os; mama dextra; myocardium; gland. parathyreoid; colon; bone marrow; mucosa nasalis; larynx; pancreas; corpus amygdaloid.; petina et chorioidea; mamma sinistra; blood; hepar; vagina; muscle; ovaria; glandula thyreoidea; testes; cerebrum totalis; pharynx; hypophysis; gld. supraren. med.; nos. kpl. sinusitis; erythrocutes; medulla spinalis; cutis; lymph; pulma; gld. supraren. cort; bones; cor
Otodectes cynotis (urechi nas gat),Parazit,"520,000",17,ALERGIE LA PEȘTI SAU FRUCTE DE MARE; Expunere la clorură de vinil; Pneumonia industrială (expunere la oxizi de metale sau gaze acide); Sindromul de hipersensibilitate la medicamente (DRESS); Afecțiuni dermatologice legate de expunerea la toxine; Prurit; GILLES DE LA TOURETTE (sindromul lui...); Sindromul de feminizare testiculară (Insensibilitate completă la androgeni); Bisinoza (expunere la pulberi de bumbac); Infecții produse de mușcătura de om; Hipoxemia severă (Sindromul de detresă respiratorie a adultului - ARDS); ALERGIE LA ÎNȚEPĂTURI DE VIESPE SAU DE ALBINĂ; DINTI - MASEA DE MINTE INCLUSA; MICOZĂ (... la degetele de la picioare) SAU PICIOR DE ATLET; Sindromul Gilles de la Tourette; Leucemia legată de expunerea la benzen; Erizipeloidul (Infecții de la pești sau carne contaminată),erythrocutes; bronchi; cutis; membrana synovalis; blood; testes; pulma; cerebrum totalis; bone marrow; pharynx; teeth; hypophysis; hepar; corpus amygdaloid.
Balantidium sp. trophozoites – cobai,Necunoscut,-,14,ALERGIE LA PEȘTI SAU FRUCTE DE MARE; Expunere la clorură de vinil; Pneumonia industrială (expunere la oxizi de metale sau gaze acide); Sindromul de hipersensibilitate la medicamente (DRESS); Afecțiuni dermatologice legate de expunerea la toxine; GILLES DE LA TOURETTE (sindromul lui...); Sindromul de feminizare testiculară (Insensibilitate completă la androgeni); Bisinoza (expunere la pulberi de bumbac); Sindromul Gilles de la Tourette; MICOZĂ (... la degetele de la picioare) SAU PICIOR DE ATLET; ALERGIE LA ÎNȚEPĂTURI DE VIESPE SAU DE ALBINĂ; Balantidioza; Leucemia legată de expunerea la benzen; Erizipeloidul (Infecții de la pești sau carne contaminată),erythrocutes; bronchi; cutis; blood; tumica mucosa coli; colon; pulma; cerebrum totalis; testes; bone marrow; pharynx; hypophysis; hepar; corpus amygdaloid.
Candida albicans – drojdie de bere,386,388.4,20,"Pneumonia industrială (expunere la oxizi de metale sau gaze acide); Afecțiuni dermatologice legate de expunerea la toxine; ENTERITA; Sindromul de feminizare testiculară (Insensibilitate completă la androgeni); Hipoxemia severă (Sindromul de detresă respiratorie a adultului - ARDS); Erizipeloidul (Infecții de la pești sau carne contaminată); Leucemia legată de expunerea la benzen; Candidoza; GILLES DE LA TOURETTE (sindromul lui...); MICOZĂ (... la degetele de la picioare) SAU PICIOR DE ATLET; Expunere la clorură de vinil; DINTI - MASEA DE MINTE INCLUSA; Sindromul de hipersensibilitate la medicamente (DRESS); Sindromul Gilles de la Tourette; ALERGIE LA ÎNȚEPĂTURI DE VIESPE SAU DE ALBINĂ; CANDIDOZA; ALERGIE LA PEȘTI SAU FRUCTE DE MARE; FLATULENTA; Orhita virală (de exemplu, cauzată de oreion); Bisinoza (expunere la pulberi de bumbac)",bronchi; parotid gland; colon; bone marrow; corpus amygdaloid.; tongue; blood; ileum; submandibular gland; hepar; auditory ossicle; vagina; duodenum; tympanic cavity; testes; cerebrum totalis; pharynx; teeth; hypophysis; ventriculus; cochlea; tuba auditiva; erythrocutes; cutis; pulma; jejunum
Caulobacter vibrioides,Necunoscut,-,16,ALERGIE LA PEȘTI SAU FRUCTE DE MARE; Expunere la clorură de vinil; Pneumonia industrială (expunere la oxizi de metale sau gaze acide); Sindromul de hipersensibilitate la medicamente (DRESS); Afecțiuni dermatologice legate de expunerea la toxine; GILLES DE LA TOURETTE (sindromul lui...); Sindromul de feminizare testiculară (Insensibilitate completă la androgeni); Bisinoza (expunere la pulberi de bumbac); Infecții produse de mușcătura de om; Hipoxemia severă (Sindromul de detresă respiratorie a adultului - ARDS); ALERGIE LA ÎNȚEPĂTURI DE VIESPE SAU DE ALBINĂ; DINTI - MASEA DE MINTE INCLUSA; MICOZĂ (... la degetele de la picioare) SAU PICIOR DE ATLET; Sindromul Gilles de la Tourette; Leucemia legată de expunerea la benzen; Erizipeloidul (Infecții de la pești sau carne contaminată),erythrocutes; bronchi; cutis; membrana synovalis; blood; testes; pulma; cerebrum totalis; bone marrow; pharynx; teeth; hypophysis; hepar; corpus amygdaloid.
Clinostomum metacercaria,Necunoscut,-,27,"Pneumonia industrială (expunere la oxizi de metale sau gaze acide); Afecțiuni dermatologice legate de expunerea la toxine; Sindromul de feminizare testiculară (Insensibilitate completă la androgeni); Anemia imunohemolitică cu anticorpi la rece; Hipoxemia severă (Sindromul de detresă respiratorie a adultului - ARDS); Erizipeloidul (Infecții de la pești sau carne contaminată); Leucemia legată de expunerea la benzen; Intoxicație cu monoxid de carbon; GILLES DE LA TOURETTE (sindromul lui...); Dermatitis de Contact cu Iritant; MICOZĂ (... la degetele de la picioare) SAU PICIOR DE ATLET; Expunere la clorură de vinil; DINTI - MASEA DE MINTE INCLUSA; Sindromul de hipersensibilitate la medicamente (DRESS); Miozita cu Corpi de Incluziune; Intoxicația cu gaz de ardere (fum sau gaz toxic); Pneumonia cu pulberi organice (exemplu: sporii de ciuperci); Intoxicație cu inhibitori de monoaminooxidază (IMAO); Infecții produse de mușcătura de om; Sindromul Gilles de la Tourette; ALERGIE LA ÎNȚEPĂTURI DE VIESPE SAU DE ALBINĂ; Diabetul zaharat de tip II cu depuneri amiloidice; ALERGIE LA PEȘTI SAU FRUCTE DE MARE; Incontinența urinară la femei (asociată cu prolaps pelvin); Bisinoza (expunere la pulberi de bumbac); Intoxicația cu dioxid de azot; Infecții cu Bartonella (Boala Zgârieturii de Pisică, Febra Oroya, Veruca Peruană, Angiomatoza Bacilară)",bronchi; uterus; renes; bone marrow; pancreas; corpus amygdaloid.; blood; vesies urinaria; hepar; lien; muscle; membrana synovalis; testes; cerebrum totalis; pharynx; teeth; hypophysis; erythrocutes; cutis; lymph; pulma; cor
Dermato phagoides – acaro della polvere,Acar de praf,parazit,21,Pneumonia industrială (expunere la oxizi de metale sau gaze acide); Afecțiuni dermatologice legate de expunerea la toxine; Rinita alergică; Astm; Sindromul de feminizare testiculară (Insensibilitate completă la androgeni); Leucemia legată de expunerea la benzen; Erizipeloidul (Infecții de la pești sau carne contaminată); GILLES DE LA TOURETTE (sindromul lui...); MICOZĂ (... la degetele de la picioare) SAU PICIOR DE ATLET; Expunere la clorură de vinil; RINITA; Sindromul de hipersensibilitate la medicamente (DRESS); ALERGIA LA SOARE; ECZEMA; Sindromul Gilles de la Tourette; ALERGIE LA ÎNȚEPĂTURI DE VIESPE SAU DE ALBINĂ; ASTM; ALERGIE LA PEȘTI SAU FRUCTE DE MARE; Eczema; ALERGIE LA PRAF; Bisinoza (expunere la pulberi de bumbac),erythrocutes; bronchi; nos. kpl. sinusitis; cutis; blood; testes; pulma; cerebrum totalis; bone marrow; mucosa nasalis; pharynx; hypophysis; hepar; corpus amygdaloid.
Eikanella corrodens,382,384.3,15,ALERGIE LA PEȘTI SAU FRUCTE DE MARE; Pneumonia industrială (expunere la oxizi de metale sau gaze acide); Sindromul de hipersensibilitate la medicamente (DRESS); Afecțiuni dermatologice legate de expunerea la toxine; Sinuzita fungică invazivă; GILLES DE LA TOURETTE (sindromul lui...); Sindromul de feminizare testiculară (Insensibilitate completă la androgeni); Bisinoza (expunere la pulberi de bumbac); Infecții produse de mușcătura de om; MICOZĂ (... la degetele de la picioare) SAU PICIOR DE ATLET; ALERGIE LA ÎNȚEPĂTURI DE VIESPE SAU DE ALBINĂ; Expunere la clorură de vinil; Sindromul Gilles de la Tourette; Leucemia legată de expunerea la benzen; Erizipeloidul (Infecții de la pești sau carne contaminată),erythrocutes; bronchi; nos. kpl. sinusitis; cutis; membrana synovalis; mem. max. sinus; blood; testes; pulma; cerebrum totalis; bone marrow; mucosa nasalis; pharynx; hypophysis; mem. frontal sinus; hepar; corpus amygdaloid.
Orzaiolo (orz la ochi),Necunoscut,altele,19,Pneumonia industrială (expunere la oxizi de metale sau gaze acide); Afecțiuni dermatologice legate de expunerea la toxine; GAT (senzatia de a avea ceva in...); Deficit de zinc și vitamina A; Sindromul de feminizare testiculară (Insensibilitate completă la androgeni); Hipoxemia severă (Sindromul de detresă respiratorie a adultului - ARDS); Leucemia legată de expunerea la benzen; Erizipeloidul (Infecții de la pești sau carne contaminată); GILLES DE LA TOURETTE (sindromul lui...); Sindromul de fază întârziată sau avansată a somnului; MICOZĂ (... la degetele de la picioare) SAU PICIOR DE ATLET; Expunere la clorură de vinil; DINTI - MASEA DE MINTE INCLUSA; Sindromul de hipersensibilitate la medicamente (DRESS); Sindromul Gilles de la Tourette; ALERGIE LA ÎNȚEPĂTURI DE VIESPE SAU DE ALBINĂ; ALERGIE LA PEȘTI SAU FRUCTE DE MARE; Sindromul de schimbare a fusului orar; Bisinoza (expunere la pulberi de bumbac),erythrocutes; bronchi; hypothalamus; cutis; petina et chorioidea; blood; testes; pulma; cerebrum totalis; bone marrow; larynx; pharynx; teeth; hypophysis; hepar; corpus amygdaloid.
Pigeon tapeworm,Necunoscut,-,30,"Pneumonia industrială (expunere la oxizi de metale sau gaze acide); Diareea secretorie; Afecțiuni dermatologice legate de expunerea la toxine; Diareea artificială (abuz de laxative, autoindusă); Sindromul de feminizare testiculară (Insensibilitate completă la androgeni); Diareea inflamatorie; Diareea acută; Hipoxemia severă (Sindromul de detresă respiratorie a adultului - ARDS); Erizipeloidul (Infecții de la pești sau carne contaminată); Leucemia legată de expunerea la benzen; GILLES DE LA TOURETTE (sindromul lui...); Diaree, Constipație și Malabsorbție; DIAREE; MICOZĂ (... la degetele de la picioare) SAU PICIOR DE ATLET; TENIA; DINTI - MASEA DE MINTE INCLUSA; Expunere la clorură de vinil; Diareea indusă de malabsorbția acizilor biliari (colecistectomie, boli ileale); Diareea cronică; Sindromul de hipersensibilitate la medicamente (DRESS); INTESTINE — DIAREE; Infecții produse de mușcătura de om; Sindromul Gilles de la Tourette; ALERGIE LA ÎNȚEPĂTURI DE VIESPE SAU DE ALBINĂ; CRAMPE; ALERGIE LA PEȘTI SAU FRUCTE DE MARE; Diareea osmotică; DIAREEA CALATORULUI; Bisinoza (expunere la pulberi de bumbac); Diareea datorată medicației (AINS, laxative, antibiotice)",bronchi; colon; bone marrow; corpus amygdaloid.; blood; tumica mucosa coli; ileum; hepar; ductuli biliferi; duodenum; muscle; membrana synovalis; testes; cerebrum totalis; pharynx; teeth; hypophysis; erythrocutes; ductus choledochus; cutis; vesica fellea; pulma; jejunum
Rhizobium meliloti,Necunoscut,-,28,"Infecții produse de Aeromonas și Plesiomonas; Pneumonia industrială (expunere la oxizi de metale sau gaze acide); Afecțiuni dermatologice legate de expunerea la toxine; Infecții provocate de Haemophilus influenzae tip b (Hib); Sindromul de feminizare testiculară (Insensibilitate completă la androgeni); Infecții legate de schimbările climatice; Erizipeloidul (Infecții de la pești sau carne contaminată); Leucemia legată de expunerea la benzen; Infecții cauzate de Haemophilus ducreyi (chancre moale); Infecții prin zgârieturi de pisică (Boala zgârieturii de pisică); Infecții; GILLES DE LA TOURETTE (sindromul lui...); Infecții produse prin mușcături de câine; MICOZĂ (... la degetele de la picioare) SAU PICIOR DE ATLET; Expunere la clorură de vinil; Infecții produse prin mușcături de pisică; Infecții cauzate de Haemophilus, Bordetella etc.; Sindromul de hipersensibilitate la medicamente (DRESS); Infecții de transmitere sexuală și ale aparatului reproducător; Infecții la gazda imunocompromisă; Infecții produse de arsuri termice; Infecții produse de mușcătura de om; Sindromul Gilles de la Tourette; ALERGIE LA ÎNȚEPĂTURI DE VIESPE SAU DE ALBINĂ; ALERGIE LA PEȘTI SAU FRUCTE DE MARE; Bisinoza (expunere la pulberi de bumbac); Infecții cu Bartonella (Boala Zgârieturii de Pisică, Febra Oroya, Veruca Peruană, Angiomatoza Bacilară); Infecții produse de mușcăturile șerpilor veninoși",bronchi; uterus; uterine cervix; prostata; renes; bone marrow; mucosa nasalis; dura mater encephali; corpus amygdaloid.; blood; hepar; auditory ossicle; vagina; tympanic cavity; membrana synovalis; testes; cerebrum totalis; pharynx; hypophysis; cochlea; tuba auditiva; nos. kpl. sinusitis; erythrocutes; medulla spinalis; cutis; lymph; pulma
Salmonella enteriditis – infecție intestinală,329,329,17,ALERGIE LA PEȘTI SAU FRUCTE DE MARE; Expunere la clorură de vinil; Pneumonia industrială (expunere la oxizi de metale sau gaze acide); Sindromul de hipersensibilitate la medicamente (DRESS); Afecțiuni dermatologice legate de expunerea la toxine; GASTROENTERITA; ENTERITA; GILLES DE LA TOURETTE (sindromul lui...); Sindromul de feminizare testiculară (Insensibilitate completă la androgeni); Bisinoza (expunere la pulberi de bumbac); Sindromul Gilles de la Tourette; Hipoxemia severă (Sindromul de detresă respiratorie a adultului - ARDS); ALERGIE LA ÎNȚEPĂTURI DE VIESPE SAU DE ALBINĂ; DINTI - MASEA DE MINTE INCLUSA; MICOZĂ (... la degetele de la picioare) SAU PICIOR DE ATLET; Leucemia legată de expunerea la benzen; Erizipeloidul (Infecții de la pești sau carne contaminată),bronchi; pylorus; bone marrow; corpus amygdaloid.; blood; ileum; hepar; duodenum; cardia; testes; cerebrum totalis; pharynx; teeth; hypophysis; ventriculus; erythrocutes; cutis; pulma; jejunum
Sorghum syrup mold,Necunoscut,-,4,DINTI - MASEA DE MINTE INCLUSA; Coma indusă de toxine; Afecțiuni dermatologice legate de expunerea la toxine; Hipoxemia severă (Sindromul de detresă respiratorie a adultului - ARDS),bronchi; cutis; pulma; cerebrum totalis; teeth; hepar
Taenia pisiformis eggs (ova),Necunoscut,"465,200",16,ALERGIE LA PEȘTI SAU FRUCTE DE MARE; Expunere la clorură de vinil; Pneumonia industrială (expunere la oxizi de metale sau gaze acide); Sindromul de hipersensibilitate la medicamente (DRESS); Afecțiuni dermatologice legate de expunerea la toxine; GILLES DE LA TOURETTE (sindromul lui...); Sindromul de feminizare testiculară (Insensibilitate completă la androgeni); Bisinoza (expunere la pulberi de bumbac); Sindromul Gilles de la Tourette; Hipoxemia severă (Sindromul de detresă respiratorie a adultului - ARDS); ALERGIE LA ÎNȚEPĂTURI DE VIESPE SAU DE ALBINĂ; DINTI - MASEA DE MINTE INCLUSA; MICOZĂ (... la degetele de la picioare) SAU PICIOR DE ATLET; TENIA; Leucemia legată de expunerea la benzen; Erizipeloidul (Infecții de la pești sau carne contaminată),erythrocutes; bronchi; cutis; blood; testes; pulma; cerebrum totalis; colon; ileum; bone marrow; pharynx; teeth; hypophysis; hepar; corpus amygdaloid.
Taenia saginata oua,Necunoscut,-,19,Sindromul de apnee în somn; Pneumonia industrială (expunere la oxizi de metale sau gaze acide); Afecțiuni dermatologice legate de expunerea la toxine; Sindrom de apnee în somn; Sindromul de feminizare testiculară (Insensibilitate completă la androgeni); Hipoxemia severă (Sindromul de detresă respiratorie a adultului - ARDS); Leucemia legată de expunerea la benzen; Erizipeloidul (Infecții de la pești sau carne contaminată); BACTERIE MÂNCĂTOARE DE CARNE; GILLES DE LA TOURETTE (sindromul lui...); MICOZĂ (... la degetele de la picioare) SAU PICIOR DE ATLET; TENIA; Expunere la clorură de vinil; DINTI - MASEA DE MINTE INCLUSA; Sindromul de hipersensibilitate la medicamente (DRESS); Sindromul Gilles de la Tourette; ALERGIE LA ÎNȚEPĂTURI DE VIESPE SAU DE ALBINĂ; ALERGIE LA PEȘTI SAU FRUCTE DE MARE; Bisinoza (expunere la pulberi de bumbac),erythrocutes; bronchi; muscle; cutis; blood; testes; pulma; cerebrum totalis; colon; ileum; bone marrow; pharynx; teeth; hypophysis; hepar; corpus amygdaloid.; cor
Tenie de porumbel,Necunoscut,457.8,29,"Pneumonia industrială (expunere la oxizi de metale sau gaze acide); Diareea secretorie; Afecțiuni dermatologice legate de expunerea la toxine; Diareea artificială (abuz de laxative, autoindusă); Sindromul de feminizare testiculară (Insensibilitate completă la androgeni); Diareea inflamatorie; Diareea acută; Hipoxemia severă (Sindromul de detresă respiratorie a adultului - ARDS); Erizipeloidul (Infecții de la pești sau carne contaminată); Leucemia legată de expunerea la benzen; GILLES DE LA TOURETTE (sindromul lui...); Diaree, Constipație și Malabsorbție; DIAREE; MICOZĂ (... la degetele de la picioare) SAU PICIOR DE ATLET; TENIA; DINTI - MASEA DE MINTE INCLUSA; Expunere la clorură de vinil; Diareea indusă de malabsorbția acizilor biliari (colecistectomie, boli ileale); Diareea cronică; Sindromul de hipersensibilitate la medicamente (DRESS); INTESTINE — DIAREE; Infecții produse de mușcătura de om; Sindromul Gilles de la Tourette; ALERGIE LA ÎNȚEPĂTURI DE VIESPE SAU DE ALBINĂ; ALERGIE LA PEȘTI SAU FRUCTE DE MARE; Diareea osmotică; DIAREEA CALATORULUI; Bisinoza (expunere la pulberi de bumbac); Diareea datorată medicației (AINS, laxative, antibiotice)",bronchi; colon; bone marrow; corpus amygdaloid.; blood; tumica mucosa coli; ileum; hepar; ductuli biliferi; duodenum; membrana synovalis; testes; cerebrum totalis; pharynx; teeth; hypophysis; erythrocutes; ductus choledochus; cutis; vesica fellea; pulma; jejunum
Tobacco mosaic virus (tutun),428,429.55,15,ALERGIE LA PEȘTI SAU FRUCTE DE MARE; Pneumonia industrială (expunere la oxizi de metale sau gaze acide); Sindromul de hipersensibilitate la medicamente (DRESS); Afecțiuni dermatologice legate de expunerea la toxine; FUMAT; Pneumonita de hipersensibilizare (PH); GILLES DE LA TOURETTE (sindromul lui...); Sindromul de feminizare testiculară (Insensibilitate completă la androgeni); Bisinoza (expunere la pulberi de bumbac); Sindromul Gilles de la Tourette; MICOZĂ (... la degetele de la picioare) SAU PICIOR DE ATLET; ALERGIE LA ÎNȚEPĂTURI DE VIESPE SAU DE ALBINĂ; Expunere la clorură de vinil; Leucemia legată de expunerea la benzen; Erizipeloidul (Infecții de la pești sau carne contaminată),erythrocutes; bronchi; cutis; blood; testes; pulma; cerebrum totalis; corpus amygdaloid.; bone marrow; pharynx; hypophysis; hepar; arteries; cor
Clonorchis metacercaria,Necunoscut,-,5,ALERGIE LA PEȘTI SAU FRUCTE DE MARE; Sindromul de apnee în somn; Sindrom de apnee în somn; Afecțiuni gastrointestinale legate de consumul de apă contaminată; Erizipeloidul (Infecții de la pești sau carne contaminată),duodenum; erythrocutes; bronchi; cutis; blood; colon; pulma; pharynx; ventriculus; cor
Iron Bacterium Sphaerotilus,Necunoscut,-,1,Afecțiuni gastrointestinale legate de consumul de apă contaminată,duodenum; ventriculus; colon
Acarian de făină,Necunoscut,-,10,ALERGIE LA PEȘTI SAU FRUCTE DE MARE; ALERGIE; DERMATITA; Astm; Sindrom de detresă respiratorie acută (SDRA); Hipoxemia severă (Sindromul de detresă respiratorie a adultului - ARDS); ALERGIE LA ÎNȚEPĂTURI DE VIESPE SAU DE ALBINĂ; ASTM; Carcinogeneza respiratorie (cancer pulmonar legat de expunerea profesională); Sindromul de detresă respiratorie acută (ARDS),erythrocutes; bronchi; cutis; blood; pulma; mucosa nasalis; larynx; pharynx
Acid chlorogenic,Necunoscut,6.486.846,18,ALERGIE LA PEȘTI SAU FRUCTE DE MARE; ALERGIE; ALERGIE LA ANTIBIOTICE; ALERGIE LA CÂINI; ALERGIE LA CĂPȘUNI; Reacții de Hipersensibilitate Imediată (Anafilaxie); Sindromul de hipersensibilitate la medicamente (DRESS); ALERGIE LA ANIMALE (în general); ALERGIE LA LAPTE SAU LA PRODUSELE LACTATE; Reacții Alergice Mediate de IgE; ALERGIE LA PISICI; ALERGIE LA PRAF; ALERGIE LA PENE; ALERGIE LA ÎNȚEPĂTURI DE VIESPE SAU DE ALBINĂ; ALERGIE LA ARAHIDE (unt sau ulei); ALERGIE — FEBRA FÂNULUI (alergia la polen); ALERGIE LA CAI; ALERGIE LA POLEN,erythrocutes; bronchi; cutis; conjunctiva; blood; hepar; pulma; colon; mucosa nasalis; pharynx; ventriculus; nos. kpl. sinusitis
Burkholderia (pulmonar),Necunoscut,bacterie,10,CHIST; Pneumonia industrială (expunere la oxizi de metale sau gaze acide); Pneumonia; ALERGIE LA ANIMALE (în general); Incontinența urinară la femei (asociată cu prolaps pelvin); Pneumonia cu pulberi organice (exemplu: sporii de ciuperci); Pneumonia cu Pneumocystis carinii; Pneumonia cu C. pneumoniae; Anemia imunohemolitică cu anticorpi la rece; Septicemie bacteriană,erythrocutes; bronchi; ovaria; cutis; uterus; renes; vesies urinaria; blood; cor; pulma; mucosa nasalis; hepar; lien
Notocotylus quinqeserialis,Necunoscut,-,2,ENTERITA; ALERGIE LA ANIMALE (în general),duodenum; bronchi; cutis; pulma; ileum; mucosa nasalis; jejunum
Superbactim (Superbacterii),Necunoscut,bacterie,3,ALERGIE LA ANTIBIOTICE; Infecții la gazda imunocompromisă; Infecții,erythrocutes; cutis; lymph; blood; pulma
Malaria,Necunoscut,parazit,12,ALERGIE LA PEȘTI SAU FRUCTE DE MARE; Pneumonia industrială (expunere la oxizi de metale sau gaze acide); ANEMIE; ALERGIE LA LAPTE SAU LA PRODUSELE LACTATE; Splenomegalie; MALARIA SAU PALUDISMUL; Limfadenopatie și Splenomegalie; MICOZĂ (... la degetele de la picioare) SAU PICIOR DE ATLET; ALERGIE LA ÎNȚEPĂTURI DE VIESPE SAU DE ALBINĂ; ALERGIE LA ARAHIDE (unt sau ulei); Erizipeloidul (Infecții de la pești sau carne contaminată); COMA,erythrocutes; bronchi; cutis; lymph; blood; colon; cerebrum totalis; pulma; pharynx; ventriculus; hepar; lien
Urocleidus,Parazit,"442,350",2,ALERGIE LA PEȘTI SAU FRUCTE DE MARE; Erizipeloidul (Infecții de la pești sau carne contaminată),erythrocutes; cutis; blood; pharynx
Myxobelus cerebralis,Necunoscut,parazit,2,ALERGIE LA PEȘTI SAU FRUCTE DE MARE; Erizipeloidul (Infecții de la pești sau carne contaminată),erythrocutes; cutis; blood; pharynx
Anaplasma marginale,Parazit,"386,400",24,"FEBRA FANULUI; Febra Pătată a Munților Stâncoși (FPMS); Febra Q; Febra recurentă transmisă de căpușe (FRTC); FEBRA (HERPES FEBRIL...); Febra vaporilor de metal; Febra de Trincee; Febra recurentă transmisă de păduchi (FRTP); Febra Hemoragică Dengue; Febra Rift Valley; Febra mediteraneană familială (FMF); ALERGIE — FEBRA FÂNULUI (alergia la polen); Febra Lassa; Febra Pontiac; ALERGIE — FEBRA FÂNULUI; Febra mușcăturii de șobolan; Boala Kyasanur Forest și Febra Hemoragică Omsk; Febra Pătată Mediteraneană (Febra Butonoasă); FEBRA (in general); ANEMIE; SALMONELOZA SAU FEBRA TIFOIDĂ; Febra Galbenă; Infecții cu Bartonella (Boala Zgârieturii de Pisică, Febra Oroya, Veruca Peruană, Angiomatoza Bacilară); Febra Mayaro",bronchi; renes; mama dextra; colon; mucosa nasalis; tongue; conjunctiva; blood; mamma sinistra; peritonaeum; hepar; membrana synovalis; nos. kpl. sinusitis; erythrocutes; hypothalamus; cutis; lymph; pulma; cor
Anaplasma marginale 2nd range,Necunoscut,"415,300",24,"FEBRA FANULUI; Febra Pătată a Munților Stâncoși (FPMS); Febra Q; Febra recurentă transmisă de căpușe (FRTC); FEBRA (HERPES FEBRIL...); Febra vaporilor de metal; Febra de Trincee; Febra recurentă transmisă de păduchi (FRTP); Febra Hemoragică Dengue; Febra Rift Valley; Febra mediteraneană familială (FMF); ALERGIE — FEBRA FÂNULUI (alergia la polen); Febra Lassa; Febra Pontiac; ALERGIE — FEBRA FÂNULUI; Febra mușcăturii de șobolan; Boala Kyasanur Forest și Febra Hemoragică Omsk; Febra Pătată Mediteraneană (Febra Butonoasă); FEBRA (in general); ANEMIE; SALMONELOZA SAU FEBRA TIFOIDĂ; Febra Galbenă; Infecții cu Bartonella (Boala Zgârieturii de Pisică, Febra Oroya, Veruca Peruană, Angiomatoza Bacilară); Febra Mayaro",bronchi; renes; mama dextra; colon; mucosa nasalis; tongue; conjunctiva; blood; mamma sinistra; peritonaeum; hepar; membrana synovalis; nos. kpl. sinusitis; erythrocutes; hypothalamus; cutis; lymph; pulma; cor
Babesia canis,Necunoscut,"537,000",24,"FEBRA FANULUI; Febra Pătată a Munților Stâncoși (FPMS); Febra Q; Febra recurentă transmisă de căpușe (FRTC); FEBRA (HERPES FEBRIL...); Febra vaporilor de metal; Febra de Trincee; Febra recurentă transmisă de păduchi (FRTP); Febra Hemoragică Dengue; Febra Rift Valley; Febra mediteraneană familială (FMF); ALERGIE — FEBRA FÂNULUI (alergia la polen); Febra Lassa; Febra Pontiac; ALERGIE — FEBRA FÂNULUI; Febra mușcăturii de șobolan; Boala Kyasanur Forest și Febra Hemoragică Omsk; Febra Pătată Mediteraneană (Febra Butonoasă); FEBRA (in general); ANEMIE; SALMONELOZA SAU FEBRA TIFOIDĂ; Febra Galbenă; Infecții cu Bartonella (Boala Zgârieturii de Pisică, Febra Oroya, Veruca Peruană, Angiomatoza Bacilară); Febra Mayaro",bronchi; renes; mama dextra; colon; mucosa nasalis; tongue; conjunctiva; blood; mamma sinistra; peritonaeum; hepar; membrana synovalis; nos. kpl. sinusitis; erythrocutes; hypothalamus; cutis; lymph; pulma; cor
Capillaria hepatica (sect. ficat),428,430.65,26,"FEBRA FANULUI; Febra Pătată a Munților Stâncoși (FPMS); Febra Q; Febra recurentă transmisă de căpușe (FRTC); FEBRA (HERPES FEBRIL...); Febra vaporilor de metal; Febra de Trincee; Febra recurentă transmisă de păduchi (FRTP); Febra Hemoragică Dengue; Febra Rift Valley; Febra mediteraneană familială (FMF); ALERGIE — FEBRA FÂNULUI (alergia la polen); Febra Lassa; Febra Pontiac; Capilarioza; HEPATITA; ALERGIE — FEBRA FÂNULUI; Febra mușcăturii de șobolan; Boala Kyasanur Forest și Febra Hemoragică Omsk; Febra Pătată Mediteraneană (Febra Butonoasă); FEBRA (in general); SALMONELOZA SAU FEBRA TIFOIDĂ; Febra Galbenă; Infecții cu Bartonella (Boala Zgârieturii de Pisică, Febra Oroya, Veruca Peruană, Angiomatoza Bacilară); Hepatita G; Febra Mayaro",bronchi; renes; mama dextra; colon; mucosa nasalis; Sistemic; tongue; conjunctiva; mamma sinistra; blood; peritonaeum; hepar; membrana synovalis; nos. kpl. sinusitis; erythrocutes; hypothalamus; cutis; lymph; pulma; cor
Ehrlichia canis,Necunoscut,bacterie,2,ALERGIE — FEBRA FÂNULUI (alergia la polen); HEPATITA,nos. kpl. sinusitis; mucosa nasalis; hepar; conjunctiva
Trypanosoma lewisi (blood smear),Necunoscut,"424,500",1,ALERGIE — FEBRA FÂNULUI (alergia la polen),nos. kpl. sinusitis; mucosa nasalis; conjunctiva
Onchocerca volvulus (are Jun),Parazit,"436,300",9,DERMATITA; Dermatita de Stază; NODULI; CECITATE; Oncocercoza; Hipoxemia severă (Sindromul de detresă respiratorie a adultului - ARDS); ALEXIE CONGENITALĂ (cecitate verbală); DINTI - MASEA DE MINTE INCLUSA; Keratita cu Acanthamoeba,bronchi; cutis; petina et chorioidea; conjunctiva; glandula thyreoidea; occipital lobe; pulma; cerebrum totalis; crystalline lens; lymph; cornea; teeth; temporal lobe; vitreous body
Ureaplasma urealyticum,Bacterie,9.363.678,7,"Boala inflamatorie intestinală (Colită ulcerativă, boala Crohn); Artrita asociată cu boala inflamatorie intestinală; Boala inflamatorie pelvină (BIP) – asociată gonoreei; Pneumonia; AVORT SPONTAN; Amenoree și infertilitate; Infertilitate cauzată de obstrucția canalelor deferente",bronchi; ovaria; uterus; membrana synovalis; endometrium; testes; tumica mucosa coli; colon; pulma; ileum; epididymis dextra; cartilago comp.; uterine tube
Bisphenol A (BPA),Cancerogen,cancerogen,26,"Cancer de piele; Diabet zaharat (tip 1 și tip 2); GRASIME, OBEZITATE; Diabet zaharat de tip 2 (DZNID); Obezitatea; Cancer pulmonar legat de azbest; Diabet zaharat tip 2; Diabet zaharat de tip 2; Diabetul zaharat tip 1 și 2; Diabetul zaharat tip 1; Amenoree și infertilitate; Infertilitate cauzată de obstrucția canalelor deferente; OBEZITATE; Cancer de sân; Cancer asociat cu obezitatea; Cancer de căi genitourinare; Cancer de cap și gât; CANCER LA PROSTATA; Diabet zaharat de tip 1 (DZID); Diabetul zaharat de tip II cu depuneri amiloidice; Cancer de situs primar necunoscut; Diabetul zaharat tip 2; Diabet zaharat; Sindromul Pickwick (obezitate-hipoventilație); Diabet zaharat tip I; DIABET",bronchi; uterus; prostata; renes; mama dextra; os; colon; larynx; pancreas; mamma sinistra; blood; vesies urinaria; hepar; ovaria; endometrium; testes; pharynx; epididymis dextra; erythrocutes; cutis; lymph; pulma; bones; cor
Diclorodifenil dicloretilena DDE,Pesticid cancerogen,cancerogen,9,Cancer de piele; Cancer de situs primar necunoscut; Cancer de sân; Cancer de căi genitourinare; Cancer pulmonar legat de azbest; Cancer de cap și gât; CANCER LA PROSTATA; Amenoree și infertilitate; Infertilitate cauzată de obstrucția canalelor deferente,erythrocutes; bronchi; ovaria; uterus; endometrium; prostata; cutis; renes; mama dextra; lymph; blood; mamma sinistra; pulma; testes; larynx; pharynx; epididymis dextra; vesies urinaria
Diclorodifenil tricloretan DDT,Pesticid cancerogen,cancerogen,2,Amenoree și infertilitate; Infertilitate cauzată de obstrucția canalelor deferente,ovaria; uterus; endometrium; testes; epididymis dextra
Fibroma uterino,Necunoscut,altele,5,DISMENOREE; METRORAGIE; MIOM UTERIN; Amenoree și infertilitate; Infertilitate cauzată de obstrucția canalelor deferente,ovaria; uterus; endometrium; testes; epididymis dextra
Micoplasma genitalium,Necunoscut,micoplasma,5,"Boala inflamatorie intestinală (Colită ulcerativă, boala Crohn); Artrita asociată cu boala inflamatorie intestinală; Boala inflamatorie pelvină (BIP) – asociată gonoreei; Amenoree și infertilitate; Infertilitate cauzată de obstrucția canalelor deferente",ovaria; uterus; membrana synovalis; endometrium; testes; tumica mucosa coli; colon; ileum; epididymis dextra; cartilago comp.; uterine tube
Ureaplasma ureathicum,Necunoscut,micoplasma,7,"Boala inflamatorie intestinală (Colită ulcerativă, boala Crohn); Artrita asociată cu boala inflamatorie intestinală; Boala inflamatorie pelvină (BIP) – asociată gonoreei; Pneumonia; AVORT SPONTAN; Amenoree și infertilitate; Infertilitate cauzată de obstrucția canalelor deferente",bronchi; ovaria; uterus; membrana synovalis; endometrium; testes; tumica mucosa coli; colon; pulma; ileum; epididymis dextra; cartilago comp.; uterine tube
Zearalenone,Fungi,"100,000",4,Pubertate precoce; ENDOMETRIOZA; Amenoree și infertilitate; Infertilitate cauzată de obstrucția canalelor deferente,hypothalamus; ovaria; uterus; endometrium; testes; hypophysis; epididymis dextra
C-FOS (din Dirofilaria),Virus,"324,000",3,Amiloidoza asociată cu hemodializă (Aβ2M); Artrita asociată cu boala inflamatorie intestinală; Mielopatia asociată cu HTLV-I (parapareza spastică tropicală),renes; cartilago comp.; medulla spinalis; membrana synovalis
Echinostoma revolutum (are Adenovirus obesity 36),Parazit,"425,500",4,Amiloidoza asociată cu hemodializă (Aβ2M); ENTERITA; Artrita asociată cu boala inflamatorie intestinală; Mielopatia asociată cu HTLV-I (parapareza spastică tropicală),duodenum; medulla spinalis; membrana synovalis; renes; ileum; cartilago comp.; jejunum
Echinostoma revolutum,428,429.65,4,Amiloidoza asociată cu hemodializă (Aβ2M); ENTERITA; Artrita asociată cu boala inflamatorie intestinală; Mielopatia asociată cu HTLV-I (parapareza spastică tropicală),duodenum; medulla spinalis; membrana synovalis; renes; ileum; cartilago comp.; jejunum
Akkermansia muciniphila,Necunoscut,bacterie,40,Diabet zaharat (tip 1 și tip 2); Diabet zaharat de tip 2 (DZNID); Hipogonadism hipogonadotropic (deficit de LH și FSH); Diabet zaharat tip 2; Hipoxemia severă (Sindromul de detresă respiratorie a adultului - ARDS); Neuropatia Diabetică; Hiperplazia suprarenală congenitală (Deficit de 11β-hidroxilază); Cetoacidoza diabetică; Diabet zaharat de tip 2; Infecțiile diabetice; Amiotrofia diabetică; Neuropatia diabetică; Hiperplazia suprarenală congenitală (Deficit de 21-hidroxilază); Bullosis diabeticorum; Disfuncția erectilă diabetică; Diabetul zaharat tip 1 și 2; Diabetul zaharat tip 1; DINTI - MASEA DE MINTE INCLUSA; Boala cardiovasculară diabetică; Nefropatia diabetică; Ulcerul diabetic al piciorului; Diabetul insipid; OBEZITATE; Durerea neuropatică (diabetică); Sindromul carcinoid și boala Hartnup (Deficit secundar de Niacină); Dermopatia diabetică; Retinopatia diabetică; Diabet zaharat de tip 1 (DZID); Diabetul zaharat de tip II cu depuneri amiloidice; Hipotensiunea ortostatică diabetică; Encefalopatia HIV (Complexul de demență asociat SIDA); Beriberi (Deficit de Tiamină); Diabetul zaharat tip 2; Gastropareza diabetică; Diabet zaharat; Pelagra (Deficit de Niacină); Diabet insipid; Diabet zaharat tip I; DIABET; Hipoglicemia diabetică,bronchi; pylorus; nervi periferici; renes; os; colon; rectum; pancreas; frontal cerebrum; vitreous body; Sistemic; petina et chorioidea; conjunctiva; blood; tumica mucosa coli; hepar; arteries; muscle; cardia; ovaria; testes; nervus ischiadicus; occipital cerebrum; cerebrum totalis; crystalline lens; cornea; hypophysis; teeth; gld. supraren. med.; ventriculus; erythrocutes; hypothalamus; medulla spinalis; cutis; pulma; gld. supraren. cort; bones; sympathicus; cor
Alge verzi-albastre,Necunoscut,-,4,Incontinența urinară la femei (asociată cu prolaps pelvin); Dermatitis de Contact cu Iritant; Anemia imunohemolitică cu anticorpi la rece; DERMATITA,erythrocutes; uterus; cutis; blood; vesies urinaria; lien
Geotrichum spp,Necunoscut,ciuperca,4,ENTERITA; Incontinența urinară la femei (asociată cu prolaps pelvin); GASTROENTERITA; Anemia imunohemolitică cu anticorpi la rece,duodenum; erythrocutes; cardia; pylorus; uterus; blood; ileum; ventriculus; vesies urinaria; jejunum; lien
Haemoproteus,393,-,3,Incontinența urinară la femei (asociată cu prolaps pelvin); Anemia imunohemolitică cu anticorpi la rece; Infecție cu Dermatofite,erythrocutes; uterus; cutis; blood; vesies urinaria; lien
Ornithonyssus – acarian pe păsări,Necunoscut,-,5,DERMATITA; MÂNCĂRIME; Incontinența urinară la femei (asociată cu prolaps pelvin); Dermatitis de Contact cu Iritant; Anemia imunohemolitică cu anticorpi la rece,erythrocutes; uterus; cutis; blood; vesies urinaria; lien
Pneumocystis carinii,Fungi,"405,750",3,Incontinența urinară la femei (asociată cu prolaps pelvin); Anemia imunohemolitică cu anticorpi la rece; Hipoxemia severă (Sindromul de detresă respiratorie a adultului - ARDS),erythrocutes; bronchi; uterus; blood; pulma; vesies urinaria; lien
Trichuris trichiura (Tricocefaloza),Necunoscut,4.125.432,7,RECT; ANEMIE; Incontinența urinară la femei (asociată cu prolaps pelvin); INCONTINENTA LA COPII; DIAREE; Anemia imunohemolitică cu anticorpi la rece; Tricocefaloza,erythrocutes; medulla spinalis; uterus; blood; tumica mucosa coli; colon; rectum; vesies urinaria; lien
Diphyllobothrium erinacei – ovule,Necunoscut,-,10,"Deficit izolat de gonadotropine (LH sau FSH); Deficit de Vitamina C (Scorbut); ANEMIE; Deficit de Vitamina B12 (Anemie megaloblastică, Neuropatie); Deficit de piruvat kinază; Deficit de glucozo-6-fosfat dehidrogenază (G6PD); Deficit de zinc și vitamina A; Hipoxemia severă (Sindromul de detresă respiratorie a adultului - ARDS); DINTI - MASEA DE MINTE INCLUSA; Anemia prin deficit de fier",erythrocutes; bronchi; medulla spinalis; cutis; petina et chorioidea; ovaria; os; blood; testes; pulma; bone marrow; hypophysis; bones; teeth; gingival; lien
Taenia saginata – ovule,Necunoscut,481.05,13,Sindromul de dezechilibru prin dializă; Infecții prin zgârieturi de pisică (Boala zgârieturii de pisică); Boala prin depunere de calciu hidroxiapatit (HA); Erizipeloidul (Infecții de la pești sau carne contaminată); BACTERIE MÂNCĂTOARE DE CARNE; Infecții produse prin mușcături de câine; Boala prin depunere de oxalat de calciu (CaOx); Hipoxemia severă (Sindromul de detresă respiratorie a adultului - ARDS); TENIA; DINTI - MASEA DE MINTE INCLUSA; Infecții produse prin mușcături de pisică; Boala prin depunere de calciu pirofosfat dihidrat (CPPD); Anemia prin deficit de fier,erythrocutes; bronchi; muscle; cutis; membrana synovalis; medulla spinalis; renes; os; lymph; blood; pulma; cerebrum totalis; colon; ileum; bone marrow; teeth; cartilago comp.
Babesia bigemina,Parazit,"241,000",2,ANEMIE; Febră și Hipertermie,erythrocutes; hypothalamus; blood
Diphyllobothrium erinacei (Mansoni) (scolex),Parazit,"467,250",2,"ANEMIE; Deficit de Vitamina B12 (Anemie megaloblastică, Neuropatie)",erythrocutes; bone marrow; medulla spinalis; blood
Haemonchus contortus,Parazit,"386,800",1,ANEMIE,erythrocutes; blood
Leucocytozoon,Parazit,"397,450",2,ANEMIE; Splenomegalie,erythrocutes; blood; lien
Trichostrongylus (Tricostrongiloza),Parazit,9.998.888,13,"Diareea osmotică; Diareea cronică; Diareea secretorie; DIAREEA CALATORULUI; Diareea artificială (abuz de laxative, autoindusă); ANEMIE; Diaree, Constipație și Malabsorbție; Diareea datorată medicației (AINS, laxative, antibiotice); DIAREE; Diareea acută; Diareea inflamatorie; INTESTINE — DIAREE; Diareea indusă de malabsorbția acizilor biliari (colecistectomie, boli ileale)",duodenum; erythrocutes; ductus choledochus; vesica fellea; blood; tumica mucosa coli; colon; ileum; ductuli biliferi; jejunum
Trichuris sp.,Parazit,"388,300",4,Tricocefaloza; ANEMIE; DIZENTERIE; RECT,erythrocutes; blood; tumica mucosa coli; colon; rectum
Trichuris sp. (mascul),406,408.9,4,Tricocefaloza; ANEMIE; DIZENTERIE; RECT,erythrocutes; blood; tumica mucosa coli; colon; rectum
Trichuris sp. (masculin),406,408.9,4,Tricocefaloza; ANEMIE; DIZENTERIE; RECT,erythrocutes; blood; tumica mucosa coli; colon; rectum
Ancylostoma duodenale male,Necunoscut,-,2,ENTERITA; ANEMIE,duodenum; erythrocutes; blood; ileum; jejunum
Ancylostoma duodenale mascul,Necunoscut,-,3,ANEMIE; Edem; EDEM,erythrocutes; renes; blood; cor
Babesia garinii,Necunoscut,"390,000",3,ANEMIE; Splenomegalie; Limfadenopatie și Splenomegalie,erythrocutes; lymph; blood; lien
Babesia valaisiana,Necunoscut,parazit,1,ANEMIE,erythrocutes; blood
Babesia valeriana,Necunoscut,"388,000",3,Febra recurentă transmisă de păduchi (FRTP); ANEMIE; Febra recurentă transmisă de căpușe (FRTC),erythrocutes; blood
Babesia venatorum,Necunoscut,parazit,1,ANEMIE,erythrocutes; blood
Bartonella baciliformis,Necunoscut,bacterie,2,ANEMIE; LEZIUNI,erythrocutes; muscle; cutis; os; blood; bones
Ben (Benzen),Cancerogen,cancerogen,7,Limfomul Burkitt; Leucemia/limfomul cu celule T al adultului (ATLL); Leucemia/limfomul cu celule T al adultului (HTLV-I); ANEMIE; LIMFOM; LEUCEMIE; Limfomul limfoblastic cu precursori ai celulei T sau B,erythrocutes; jaw; granulocytes; lymph; blood; bone marrow
Diphyllobothrium latum (scolex),Necunoscut,"452,900",2,"ANEMIE; Deficit de Vitamina B12 (Anemie megaloblastică, Neuropatie)",erythrocutes; bone marrow; medulla spinalis; blood
Echinostoma isocanun,Necunoscut,parazit,14,"Diareea osmotică; Diareea cronică; Diareea secretorie; DIAREEA CALATORULUI; Diareea artificială (abuz de laxative, autoindusă); ANEMIE; ENTERITA; Diaree, Constipație și Malabsorbție; Diareea datorată medicației (AINS, laxative, antibiotice); DIAREE; Diareea acută; Diareea inflamatorie; INTESTINE — DIAREE; Diareea indusă de malabsorbția acizilor biliari (colecistectomie, boli ileale)",duodenum; erythrocutes; ductus choledochus; vesica fellea; blood; tumica mucosa coli; colon; ileum; ductuli biliferi; jejunum
Necator americanus,Necunoscut,-,2,ENTERITA; ANEMIE,duodenum; erythrocutes; blood; ileum; jejunum
Plasmodium falciparum,Necunoscut,"372,300",5,ANEMIE; Hipoxemia severă (Sindromul de detresă respiratorie a adultului - ARDS); Insuficiență renală cronică; Insuficiență renală acută; COMA,erythrocutes; bronchi; renes; blood; pulma; cerebrum totalis
Bacillus anthracis,Bacterie,"359,400",1,ANTRAX,erythrocutes; blood; cutis; pulma
Bacillus anthracis (dinte) – cauzează antrax la vite,"395, 364, 368",398.05,1,ANTRAX,erythrocutes; blood; cutis; pulma
Bacillus anthracis spore,388,386.95,1,ANTRAX,erythrocutes; blood; cutis; pulma
Bacillus anthracis spores,Necunoscut,"386,950",1,ANTRAX,erythrocutes; blood; cutis; pulma
Bacillus anthracis – spori,388,391.45,1,ANTRAX,erythrocutes; blood; cutis; pulma
Spori in frotiu bacterian,Necunoscut,-,3,TETANOS; ANTRAX; GAT - NOD IN GAT,erythrocutes; muscle; cutis; medulla spinalis; blood; nervus trigeminus; pulma; larynx; pharynx
Enterobius vermicularis (oxiuri),Parazit,"420,950",7,Sindromul de apnee în somn; Tulburări de ventilație; Apneea de somn; Sindrom de apnee în somn; Tulburări de micțiune; Prurit; URĂ,erythrocutes; bronchi; cutis; prostata; blood; pulma; cerebrum totalis; pharynx; vesies urinaria; corpus amygdaloid.; cor
Enterobius vermicularis,423,426.3,7,Sindromul de apnee în somn; Tulburări de ventilație; Apneea de somn; Sindrom de apnee în somn; Tulburări de micțiune; Prurit; URĂ,erythrocutes; bronchi; cutis; prostata; blood; pulma; cerebrum totalis; pharynx; vesies urinaria; corpus amygdaloid.; cor
Pseudomonas aeruginosa (piocianic),Bacterie,"331,250",11,CHIST; Infecții; Endocardita bacteriană; Endocardita bacteriană (streptococi viridans sau enterococi); Endocardita Infecțioasă; Pneumonia; ARSURI; Infecții produse de arsuri termice; Endocardita gonococică; FIBROZA; Keratita cu Acanthamoeba,erythrocutes; bronchi; ovaria; cutis; renes; myocardium; blood; mitrai valve; pulma; lymph; conjunctiva; crystalline lens; cornea; endocardium; hepar; vitreous body; cor
Pseudomonas aeruginosa (rani deschise),333,334.6,9,Infecții; Endocardita bacteriană; Endocardita bacteriană (streptococi viridans sau enterococi); Endocardita Infecțioasă; ARSURI; Infecții produse de arsuri termice; Endocardita gonococică; DIABET; Keratita cu Acanthamoeba,erythrocutes; cutis; renes; myocardium; blood; mitrai valve; lymph; conjunctiva; crystalline lens; cornea; pancreas; endocardium; vitreous body; cor
Vampire seris nana,Bacterie,"220,000",4,ENTERITA; Artrita asociată cu boala inflamatorie intestinală; DIAREE; Infecție cu Dermatofite,duodenum; cutis; membrana synovalis; tumica mucosa coli; colon; ileum; cartilago comp.; jejunum
Neisseria gonorrhoeae,Bacterie,"333,850",4,CONJUNCTIVITA; Artrita gonococică; SALPINGITA; Conjunctivita neonatală gonococică,uterus; membrana synovalis; endometrium; conjunctiva; crystalline lens; cornea; cartilago comp.; vitreous body; uterine tube
Neisseria gonorrhea (gonoree),334,336.5,4,CONJUNCTIVITA; Artrita gonococică; SALPINGITA; Conjunctivita neonatală gonococică,uterus; membrana synovalis; endometrium; conjunctiva; crystalline lens; cornea; cartilago comp.; vitreous body; uterine tube
Yersinia enterocolitica,Bacterie,"390,000",2,Artrita reactivă; Yersinioza,membrana synovalis; lymph; blood; colon; cartilago comp.
Mycoplasma,Bacterie,"322,850",2,Artrita reactivă; Pneumonia,cartilago comp.; bronchi; membrana synovalis; pulma
Chlamydia pneumoniae,Necunoscut,bacterie,11,Artrita reactivă; GAT — FARINGITA; Faringita streptococică; Sinuzita fungică invazivă; Pneumonia; Pneumonia cu pulberi organice (exemplu: sporii de ciuperci); Pneumonia cu Pneumocystis carinii; FARINGITA; Pneumonia cu C. pneumoniae; Ateroscleroza; CHLAMYDIA (infectie cu ...),bronchi; uterus; membrana synovalis; mem. max. sinus; conjunctiva; pulma; mucosa nasalis; larynx; pharynx; mem. frontal sinus; cartilago comp.; nos. kpl. sinusitis; arteries; uterine tube
Mycoplasma fermentans incognitus,Causing respiratory/pelvic inflammatory disease,micoplasma,2,Artrita reactivă; Pneumonia,cartilago comp.; bronchi; membrana synovalis; pulma
Mycoplasma incognitos,Necunoscut,micoplasma,2,Artrita reactivă; Pneumonia,cartilago comp.; bronchi; membrana synovalis; pulma
Shigella flexneri – depresie,318,394,1,Artrita reactivă,cartilago comp.; membrana synovalis
Yersinia pseudotuberculosis (Pseudotuberculoza),Bacterie,"8.044.597,06",2,Artrita reactivă; Septicemie bacteriană,erythrocutes; membrana synovalis; renes; blood; cartilago comp.; cor
Haemophilus influenzae,Bacterie,"336,410",17,Artrita Septică; Epiglotita; Meningita bacteriană; Pneumonia de hipersensibilizare; Pneumonia industrială (expunere la oxizi de metale sau gaze acide); Sinuzita fungică invazivă; Pneumonia; Pneumonia streptococică; Pneumonia cu pulberi organice (exemplu: sporii de ciuperci); Pneumonia eozinofilică; Pneumonia cu Pneumocystis carinii; Artrita septică; Pneumonia cu C. pneumoniae; Otita medie (C. trachomatis); Meningita bacteriană acută; Pneumonia infantilă (C. trachomatis); Pneumonia severă,bronchi; mucosa nasalis; larynx; dura mater encephali; cartilago comp.; frontal cerebrum; pia mater encephali; mem. max. sinus; auditory ossicle; tympanic cavity; membrana synovalis; occipital cerebrum; cerebrum totalis; pharynx; mem. frontal sinus; nos. kpl. sinusitis; cochlea; tuba auditiva; pulma
"Streptococcus mitis – plămân, dinți, abces, genunchi",318,321.1,3,Artrita septică; Artrita Septică; Endocardita bacteriană (streptococi viridans sau enterococi),membrana synovalis; myocardium; mitrai valve; cartilago comp.; endocardium; cor
Streptococcus agalactiae,Necunoscut,bacterie,2,Artrita septică; Artrita Septică,cartilago comp.; membrana synovalis
Streptococcus mitis (plamani/dinte),318,321.1,6,Artrita Septică; Endocardita bacteriană; Endocardita bacteriană (streptococi viridans sau enterococi); Endocardita Infecțioasă; Artrita septică; Endocardita gonococică,membrana synovalis; myocardium; mitrai valve; cartilago comp.; endocardium; cor
Borellia (Lyme),Bacterie,"378,950",13,ARTRITĂ (în general); Boala Lyme; ARTRITĂ — POLIARTRITA REUMATOIDĂ; Pericardită; Polineuropatia în boala Lyme; INIMĂ — MIOCARDITĂ; Miocardită și cardiomiopatii; INIMĂ — PERICARDITĂ; MIOCARDITĂ; Endocardită infecțioasă; ARTRITĂ GUTOASĂ; ARTRITĂ — ARTROZĂ; Artrită reumatoidă,medulla spinalis; cutis; membrana synovalis; muscle; arteria coronaria; mitrai valve; myocardium; pericardium; nervus trigeminus; cartilago comp.; endocardium; cor
Borrelia burgdorferi – boala Lyme,380,382.0,14,Cardita Lyme; ARTRITĂ (în general); Boala Lyme; ARTRITĂ — POLIARTRITA REUMATOIDĂ; Endocardita bacteriană; Endocardita bacteriană (streptococi viridans sau enterococi); Endocardita Infecțioasă; Miocardita; Endocardita gonococică; Polineuropatia în boala Lyme; ARTRITĂ GUTOASĂ; ARTRITĂ — ARTROZĂ; Tuberculoza pericardică (pericardita tuberculoasă); Artrită reumatoidă,medulla spinalis; cutis; membrana synovalis; myocardium; mitrai valve; nervus trigeminus; pericardium; cartilago comp.; endocardium; cor
Brucella (Bruceloza),Bacterie,4.122.222,7,ARTRITĂ (în general); ARTRITĂ — POLIARTRITA REUMATOIDĂ; ORHITĂ; ARTRITĂ GUTOASĂ; ARTRITĂ — ARTROZĂ; Bruceloza; Artrită reumatoidă,membrana synovalis; os; lymph; testes; bones; cartilago comp.; hepar; lien
Brucella abortus,Necunoscut,-,14,"ARTRITĂ (în general); ARTRITĂ — POLIARTRITA REUMATOIDĂ; Endocardita bacteriană; Endocardita bacteriană (streptococi viridans sau enterococi); Endocardita Infecțioasă; Spondilita Anchilozantă; Orhita virală (de exemplu, cauzată de oreion); Endocardita gonococică; ARTRITĂ GUTOASĂ; Spondilita anchilozantă; ARTRITĂ — ARTROZĂ; Bruceloza; Artrită reumatoidă; Spondilita ankilozantă",os; parotid gland; myocardium; mitrai valve; cartilago comp.; submandibular gland; endocardium; hepar; auditory ossicle; lien; tympanic cavity; membrana synovalis; testes; cochlea; tuba auditiva; medulla spinalis; lymph; bones; cor
Ascaris megalocephala (male),Parazit,"403,850",1,Ascaridoza,ileum; pulma; colon
Ascaris lumbricoides – masculin și feminin,Același,-,1,Ascaridoza,ileum; pulma; colon
Ascaris lumbricoides (m si f),Necunoscut,-,1,Ascaridoza,ileum; pulma; colon
Ascaris megalocephala (mascul),408,409.7,1,Ascaridoza,ileum; pulma; colon
Ascaris megalocephala (masculin),408,409.7,1,Ascaridoza,ileum; pulma; colon
Clostridium tetani (Tetanos),Necunoscut,5.671.454,6,Convulsii; TETANOS; MUȘCHI — CONVULSII; Convulsii și epilepsie; ASFIXIE; TRISMUS,bronchi; muscle; medulla spinalis; trachea; nervus trigeminus; occipital cerebrum; pulma; cerebrum totalis; frontal cerebrum
ASPERGILUS O CHRAC,Virus,6.486.468,2,Aspergiloza; Sinuzita fungică invazivă,bronchi; mem. max. sinus; pulma; sinusit; mucosa nasalis; mem. frontal sinus; nos. kpl. sinusitis
Aspergillus ochraceus,Fungi,6.456.468,1,Aspergiloza,bronchi; sinusit; pulma
Aspergillus,Necunoscut,ciuperca,1,Aspergiloza,bronchi; sinusit; pulma
Aspergillus fumigatus,Necunoscut,ciuperca,4,Aspergiloza; Aspergiloză bronhopulmonară alergică (ABPA); Aspergiloza bronhopulmonară alergică (ABPA); Sinuzita fungică invazivă,bronchi; mem. max. sinus; pulma; sinusit; mucosa nasalis; mem. frontal sinus; nos. kpl. sinusitis
Aspergillus fumigatus B,Necunoscut,ciuperca,1,Aspergiloza,bronchi; sinusit; pulma
Aspergillus mycelium*,*obținut cu sintetizator hp,301,2,Aspergiloza; Tuse și Hemoptizie,erythrocutes; bronchi; blood; pulma; sinusit
Rinovirus,Virus,"6.398.015,64",3,Astm; ASTM; Astmul,bronchi; pulma
Dermatophagoides – acarian de praf,Necunoscut,-,8,Astmul bronșic alergic; ECZEMA; Astm; CONJUNCTIVITA; Eczema; ASTM; RINITA; Astmul,bronchi; cutis; conjunctiva; pulma; crystalline lens; cornea; mucosa nasalis; nos. kpl. sinusitis; vitreous body
Campylobacter – unguent de embrion,368,370.6,1,AVORT SPONTAN,uterus; endometrium
Corn de secară,Necunoscut,-,5,AVORT SPONTAN; Convulsii; MUȘCHI — CONVULSII; HALUCINATII; Convulsii și epilepsie,uterus; endometrium; occipital cerebrum; cerebrum totalis; frontal cerebrum; temporal lobe
Listeria monocytogenes (Listerioza),Bacterie,5.812.438,2,Septicemie bacteriană; AVORT SPONTAN,erythrocutes; uterus; endometrium; renes; blood; cor
Balantidium coli cysts,Parazit,"458,800",3,Balantidioza; INTESTINE — DIZENTERIE; DIZENTERIE,tumica mucosa coli; colon
Balantidium coli chisturi,460,462.9,2,Balantidioza; DIAREE,tumica mucosa coli; colon
Balantidium coli – chist,460,462.9,1,Balantidioza,tumica mucosa coli; colon
Balantidium sp. trofozoite (cobai),Necunoscut,-,2,"Balantidioza; Schistosomiaza cerebrală (S. japonicum și rar S. haematobium, S. mansoni)",occipital cerebrum; tumica mucosa coli; cerebrum totalis; colon; frontal cerebrum
C.B.D.,Necunoscut,-,2,Boala / Afectiunea; Boala Crohn,colon; ileum; tumica mucosa coli; Sistemic
Trypanosoma cruzi,Necunoscut,parazit,6,Boala Chagas; Cardiomiopatia în boala Chagas; Miocardita; Megacolon și megaesofag în boala Chagas; Boala Chagas (Tripanosomiaza americană); ESOFAG,myocardium; tumica mucosa coli; colon; esophagus; cor
Trypanosoma cruzi (Chagas),Necunoscut,"460,200",7,Boala Chagas; Edem; Cardiomiopatia în boala Chagas; Miocardita; Megacolon și megaesofag în boala Chagas; EDEM; Boala Chagas (Tripanosomiaza americană),erythrocutes; renes; myocardium; blood; tumica mucosa coli; colon; esophagus; cor
Trypanosoma cruzi (tesut cerebral),463,465.65,5,Boala Chagas; Cardiomiopatia în boala Chagas; Megacolon și megaesofag în boala Chagas; ENCEFALITA; Boala Chagas (Tripanosomiaza americană),myocardium; occipital cerebrum; colon; cerebrum totalis; tumica mucosa coli; esophagus; frontal cerebrum; cor
*Prion peptid (din virus gripa omorat),Necunoscut,554,3,Boala Creutzfeldt-Jakob; INSOMNIE; FATA,nervus facialis; hypothalamus; cutis; os; occipital cerebrum; cerebrum totalis; bones; frontal cerebrum; corpus amygdaloid.
Prioni,Peptide,"506,000",3,Insomnia; Boala Creutzfeldt-Jakob; FATA,nervus facialis; hypothalamus; cutis; os; occipital cerebrum; cerebrum totalis; bones; frontal cerebrum; corpus amygdaloid.
Mycobacterium para TB,382,384.65,2,ENTERITA; Boala Crohn,duodenum; tumica mucosa coli; colon; ileum; jejunum
Oscillospira,Necunoscut,bacterie,6,"OBEZITATE; GRASIME, OBEZITATE; Cancer asociat cu obezitatea; Sindromul Pickwick (obezitate-hipoventilație); Obezitatea; Boala Crohn",os; tumica mucosa coli; colon; pulma; ileum; pancreas; bones; hepar; cor
Bartonella henselae (Boala zgarieturii de pisica),Bacterie,"110,000",13,"Infecții prin zgârieturi de pisică (Boala zgârieturii de pisică); Boala zgârieturii de pisică; Boala prin depunere de calciu hidroxiapatit (HA); Boala plămânului de fermier; Boala de reflux gastroesofagian; Sindromul carcinoid și boala Hartnup (Deficit secundar de Niacină); Infecții cu Bartonella (Boala Zgârieturii de Pisică, Febra Oroya, Veruca Peruană, Angiomatoza Bacilară); Boala de reflux gastroesofagian (GERD); Boala prin depunere de oxalat de calciu (CaOx); Boala Mixtă de Țesut Conjunctiv; Boala vasculară de colagen (ex. lupus eritematos sistemic); Infecții produse prin mușcături de pisică; Boala prin depunere de calciu pirofosfat dihidrat (CPPD)",bronchi; cutis; membrana synovalis; mesenchume; renes; os; conjunctiva; blood; lymph; pulma; colon; crystalline lens; esophagus; cornea; cartilago comp.; hepar; vitreous body
Trypanosoma gambiense,396,"393,750",24,MÂINI - BOALA LUI DUPUYTREN; Coma indusă de toxine; ENCEFALITA; Hipoxemia severă (Sindromul de detresă respiratorie a adultului - ARDS); Boala prin depunere de calciu pirofosfat dihidrat (CPPD); Boala plămânului de fermier; Boala de reflux gastroesofagian; Sindromul de fază întârziată sau avansată a somnului; Boala prin depunere de oxalat de calciu (CaOx); Boala Mixtă de Țesut Conjunctiv; DINTI - MASEA DE MINTE INCLUSA; Boala vasculară de colagen (ex. lupus eritematos sistemic); NARCOLEPSIE — BOALA SOMNULUI; Sindromul carcinoid și boala Hartnup (Deficit secundar de Niacină); TOXICOMANIA; Boala somnului (Tripanosomiaza africană); FRICA; Ginecomastie; Boala zgârieturii de pisică; Coma hiperosmolară; Boala prin depunere de calciu hidroxiapatit (HA); Boala de reflux gastroesofagian (GERD); BOALA SOMNULUI; COMA,bronchi; renes; os; mama dextra; colon; cartilago comp.; frontal cerebrum; vitreous body; corpus amygdaloid.; conjunctiva; blood; mamma sinistra; esophagus; hepar; membrana synovalis; testes; occipital cerebrum; cerebrum totalis; crystalline lens; cornea; teeth; hypophysis; erythrocutes; tendon; hypothalamus; cutis; mesenchume; lymph; pulma; bones; sympathicus
Trypanosoma rhodesiene,426,428.55,19,MÂINI - BOALA LUI DUPUYTREN; Hipoxemia severă (Sindromul de detresă respiratorie a adultului - ARDS); Boala prin depunere de calciu pirofosfat dihidrat (CPPD); Boala plămânului de fermier; Boala de reflux gastroesofagian; Sindromul de fază întârziată sau avansată a somnului; Boala prin depunere de oxalat de calciu (CaOx); Boala Mixtă de Țesut Conjunctiv; DINTI - MASEA DE MINTE INCLUSA; Boala vasculară de colagen (ex. lupus eritematos sistemic); NARCOLEPSIE — BOALA SOMNULUI; Sindromul carcinoid și boala Hartnup (Deficit secundar de Niacină); Boala somnului (Tripanosomiaza africană); FRICA; Boala zgârieturii de pisică; Boala prin depunere de calciu hidroxiapatit (HA); FATA; Boala de reflux gastroesofagian (GERD); BOALA SOMNULUI,bronchi; renes; os; colon; cartilago comp.; vitreous body; corpus amygdaloid.; conjunctiva; blood; esophagus; hepar; nervus facialis; membrana synovalis; cerebrum totalis; crystalline lens; cornea; teeth; erythrocutes; tendon; hypothalamus; cutis; mesenchume; lymph; pulma; bones; sympathicus
Trypanosoma rhodesiense,426,"423,500",16,FRICA; NARCOLEPSIE — BOALA SOMNULUI; Boala zgârieturii de pisică; Boala prin depunere de calciu hidroxiapatit (HA); Boala plămânului de fermier; Boala de reflux gastroesofagian; FATA; Sindromul carcinoid și boala Hartnup (Deficit secundar de Niacină); Sindromul de fază întârziată sau avansată a somnului; Boala de reflux gastroesofagian (GERD); Boala somnului (Tripanosomiaza africană); Boala prin depunere de oxalat de calciu (CaOx); Boala Mixtă de Țesut Conjunctiv; BOALA SOMNULUI; Boala vasculară de colagen (ex. lupus eritematos sistemic); Boala prin depunere de calciu pirofosfat dihidrat (CPPD),bronchi; renes; os; colon; cartilago comp.; vitreous body; corpus amygdaloid.; conjunctiva; blood; esophagus; hepar; nervus facialis; membrana synovalis; cerebrum totalis; crystalline lens; cornea; erythrocutes; hypothalamus; cutis; mesenchume; lymph; pulma; bones; sympathicus
AIDS (HIV),Virus,5.148.555,4,Encefalopatia HIV (Complexul de demență asociat SIDA); Boala HIV/SIDA; Infecții; Sarcom Kaposi,erythrocutes; cutis; lymph; blood; occipital cerebrum; pulma; cerebrum totalis; frontal cerebrum; thymus (gland)
HIV,Virus,"365,000",9,Encefalopatia HIV (Complexul de demență asociat SIDA); Limfomul Burkitt; Infecții; Leucemia/limfomul cu celule T al adultului (ATLL); Leucemia/limfomul cu celule T al adultului (HTLV-I); LIMFOM; Sarcom Kaposi; Limfomul limfoblastic cu precursori ai celulei T sau B; Boala HIV/SIDA,erythrocutes; cutis; jaw; lymph; blood; occipital cerebrum; pulma; cerebrum totalis; bone marrow; frontal cerebrum; thymus (gland)
Dengue,Virus,9.472.737,2,Boala Kyasanur Forest și Febra Hemoragică Omsk; Febra Hemoragică Dengue,erythrocutes; renes; mama dextra; mamma sinistra; blood; hepar
Dengue 1,Necunoscut,virus,2,Boala Kyasanur Forest și Febra Hemoragică Omsk; Febra Hemoragică Dengue,erythrocutes; renes; mama dextra; mamma sinistra; blood; hepar
Dengue 2,Necunoscut,virus,2,Boala Kyasanur Forest și Febra Hemoragică Omsk; Febra Hemoragică Dengue,erythrocutes; renes; mama dextra; mamma sinistra; blood; hepar
Dengue 3,Necunoscut,virus,2,Boala Kyasanur Forest și Febra Hemoragică Omsk; Febra Hemoragică Dengue,erythrocutes; renes; mama dextra; mamma sinistra; blood; hepar
Dengue H,Necunoscut,virus,2,Boala Kyasanur Forest și Febra Hemoragică Omsk; Febra Hemoragică Dengue,erythrocutes; renes; mama dextra; mamma sinistra; blood; hepar
Ebola,Virus,"5.047.024,81",2,Boala Kyasanur Forest și Febra Hemoragică Omsk; Febra Hemoragică Dengue,erythrocutes; renes; mama dextra; mamma sinistra; blood; hepar
Marburg virus (Febra hemoragica Marburg),Virus,"8.649.265,62",2,Boala Kyasanur Forest și Febra Hemoragică Omsk; Febra Hemoragică Dengue,erythrocutes; renes; mama dextra; mamma sinistra; blood; hepar
Coxsackievirus A16 (Boala mana-picior-gura),Necunoscut,9.912.399,5,"Boala Kyasanur Forest și Febra Hemoragică Omsk; Sindromul carcinoid și boala Hartnup (Deficit secundar de Niacină); MICOZĂ (... pe pielea capului, fire de păr și unghii); Megacolon și megaesofag în boala Chagas; URĂ",cutis; mama dextra; mamma sinistra; tumica mucosa coli; colon; cerebrum totalis; esophagus; hepar; corpus amygdaloid.
Hanta virus,Necunoscut,virus,5,"Boala Kyasanur Forest și Febra Hemoragică Omsk; Sindromul Pulmonar cu Hantavirus; Febra Hemoragică Dengue; Infecții cu Bartonella (Boala Zgârieturii de Pisică, Febra Oroya, Veruca Peruană, Angiomatoza Bacilară); FH cu Sindrom Renal",erythrocutes; bronchi; cutis; renes; mama dextra; mamma sinistra; blood; lymph; pulma; hepar
Borrelia valaisiana,Necunoscut,bacterie,3,Boala Lyme; BOALA LA COPIL; Polineuropatia în boala Lyme,medulla spinalis; cutis; membrana synovalis; nervus trigeminus; cor; Sistemic
Rickettsia prowazekii (Boala lui Brill – tifos recurent),Bacterie,"8.044.598,42",9,BOALA LUI MENIERE; BOALA LUI DUPUYTREN; MÂINI - BOALA LUI DUPUYTREN; BOALA LUI RAYNAUD; BOALA LUI HODGKIN; BOALA LUI PARKINSON; BOALA LUI FRIEDREICH; BOALA LUI BOUILLARD; BOALA LUI ADDISON,os; bone marrow; frontal cerebrum; endocardium; arteries; lien; auditory ossicle; nervus statoacust.; tympanic cavity; labyrinthus; cerebellum; membrana synovalis; occipital cerebrum; cerebrum totalis; gld. supraren. med.; cochlea; tuba auditiva; tendon; medulla spinalis; cutis; lymph; gld. supraren. cort; bones; cor
Nocardia asteroides,Bacterie,"354,950",6,"Boala Parkinson; Infecții; Infecții pulmonare (e.g., pneumonie, aspergiloză); BOALA LUI PARKINSON; Infecții cutanate (Impetigo, erizipel, celulită); Infecții cutanate (e.g., celulită, ecthyma gangrenosum)",erythrocutes; bronchi; cutis; mesencephalon; lymph; blood; occipital cerebrum; pulma; cerebrum totalis; frontal cerebrum
Nocardia asteroides (Parkinson),"355.1, 368",355.35,6,"Boala Parkinson; Infecții; Infecții pulmonare (e.g., pneumonie, aspergiloză); BOALA LUI PARKINSON; Infecții cutanate (Impetigo, erizipel, celulită); Infecții cutanate (e.g., celulită, ecthyma gangrenosum)",erythrocutes; bronchi; cutis; mesencephalon; lymph; blood; occipital cerebrum; pulma; cerebrum totalis; frontal cerebrum
Nocardia asteroides – boala Parkinson,"355.1, 368",355.35,6,"Boala Parkinson; Infecții; Infecții pulmonare (e.g., pneumonie, aspergiloză); BOALA LUI PARKINSON; Infecții cutanate (Impetigo, erizipel, celulită); Infecții cutanate (e.g., celulită, ecthyma gangrenosum)",erythrocutes; bronchi; cutis; mesencephalon; lymph; blood; occipital cerebrum; pulma; cerebrum totalis; frontal cerebrum
MPTP erbicida (1-methyl-4-phenyl-1236-tetrahydropyridine),Neurotoxic,pesticid,2,BOALA LUI PARKINSON; Boala Parkinson,cerebrum totalis; frontal cerebrum; mesencephalon; occipital cerebrum
Borellia burgdorferi,Bacterie,9.140.499,2,Boala Lyme; Polineuropatia în boala Lyme,medulla spinalis; cutis; membrana synovalis; nervus trigeminus; cor
Borellia burgdorferi (Lyme disease),380,382.0,2,Boala Lyme; Polineuropatia în boala Lyme,medulla spinalis; cutis; membrana synovalis; nervus trigeminus; cor
Nanobacterii,Necunoscut,"283,000",7,DEPOZITE DE CALCIU; LITIAZA RENALĂ; Boala prin depunere de calciu hidroxiapatit (HA); Boala prin depunere de oxalat de calciu (CaOx); Hipoxemia severă (Sindromul de detresă respiratorie a adultului - ARDS); DINTI - MASEA DE MINTE INCLUSA; Boala prin depunere de calciu pirofosfat dihidrat (CPPD),bronchi; membrana synovalis; ureter; renes; os; pulma; teeth; bones; cartilago comp.; arteries
Acid galic,Necunoscut,8.646.648,10,"Lentile de contact (abuz sau infecție); Boala renală cronică în contextul hipertensiunii; DERMATITA; Dermatita de Stază; Hipopnee și dispnee în somn; Steatoza hepatică și hepatita steatozică; NAȘTERE (felul în care s-a petrecut nașterea mea, ca și copil...); Dermatitis de Contact cu Iritant; Megacolon și megaesofag în boala Chagas; Dermatitis Alergică de Contact",bronchi; uterus; cutis; renes; conjunctiva; tumica mucosa coli; pulma; colon; cerebrum totalis; esophagus; cornea; pharynx; hepar; arteries; cor
Euritrema pancreaticum,Necunoscut,parazit,2,Boala renală cronică în contextul hipertensiunii; Pancreatita cronică,renes; cauda pancreat.; pancreas; arteries; cor
Trypanosoma brucei,Parazit,"423,200",11,FRICA; NARCOLEPSIE — BOALA SOMNULUI; Ginecomastie; Coma hiperosmolară; MOARTE; TOXICOMANIA; Boala somnului (Tripanosomiaza africană); BOALA SOMNULUI; Coma indusă de toxine; ENCEFALITA; COMA,erythrocutes; hypothalamus; renes; mama dextra; mamma sinistra; blood; occipital cerebrum; testes; cerebrum totalis; hypophysis; sympathicus; frontal cerebrum; hepar; corpus amygdaloid.; Sistemic
Cytochalasina B,☠️ Toxină,"77,910",3,CELUL; BOALĂ; RECT,cutis; lymph; tumica mucosa coli; colon; rectum; Sistemic
Erwinia amylorova,Bacterie,"347,200",5,"Infecții; Coxiurile de ciment (silicoza și boli obstructive); Boli cauzate de bacterii gram-negative; Infecții la gazda imunocompromisă; Diareea indusă de malabsorbția acizilor biliari (colecistectomie, boli ileale)",tympanic cavity; ductus choledochus; bronchi; erythrocutes; ductuli biliferi; vesica fellea; lymph; blood; tumica mucosa coli; pulma; colon; cochlea; tuba auditiva; auditory ossicle
Streptococcus beta haemolyticus (pentru scarlatina),Bacterie,"380,000",8,Glomerulonefrita post-streptococică; Faringita streptococică; REUMATISM; BOLILE COPILĂRIEI — SCARLATINA; FARINGITA; Reumatismul articular acut; Scarlatina; Reumatism articular acut,cutis; membrana synovalis; renes; blood; larynx; pharynx; cartilago comp.; cor
Streptococcus pyogenes,Bacterie,"360,500",10,"Faringita streptococică; Sindromul streptococic asemănător șocului toxic; BOLILE COPILĂRIEI — SCARLATINA; Erizipel; FARINGITA; Fasciita necrozantă; Scarlatina; Impetigo; Infecții cutanate (Impetigo, erizipel, celulită); Erizipeloidul (Infecții de la pești sau carne contaminată)",muscle; cutis; renes; blood; larynx; pharynx; cor
Streptococcus sp.,Bacterie,"368,150",18,"GAT — FARINGITA; Faringita streptococică; Endocardita bacteriană; REUMATISM; Endocardita bacteriană (streptococi viridans sau enterococi); Endocardita Infecțioasă; Pneumonie toxoplasmică; BOLILE COPILĂRIEI — SCARLATINA; Pneumonie, bronșiectazii și abces pulmonar; FARINGITA; Reumatismul articular acut; Pneumonie cauzată de Haemophilus influenzae; Endocardita gonococică; Scarlatina; BRONHOPNEUMONIE; Tuse și pneumonie; Reumatism articular acut; Infecții pulmonare (e.g., pneumonie, aspergiloză)",tympanic cavity; bronchi; cutis; membrana synovalis; renes; myocardium; blood; mitrai valve; pulma; larynx; pharynx; auditory ossicle; cartilago comp.; endocardium; cochlea; tuba auditiva; cor
Beta Streptococcus,Necunoscut,bacterie,9,"Faringita streptococică; Sindromul streptococic asemănător șocului toxic; BOLILE COPILĂRIEI — SCARLATINA; Erizipel; FARINGITA; Fasciita necrozantă; Scarlatina; Infecții cutanate (Impetigo, erizipel, celulită); Erizipeloidul (Infecții de la pești sau carne contaminată)",muscle; cutis; renes; blood; larynx; pharynx; cor
Streptococcus pyogenes (dinte),373,375.3,10,"Faringita streptococică; Sindromul streptococic asemănător șocului toxic; BOLILE COPILĂRIEI — SCARLATINA; Erizipel; FARINGITA; Fasciita necrozantă; Scarlatina; Impetigo; Infecții cutanate (Impetigo, erizipel, celulită); Erizipeloidul (Infecții de la pești sau carne contaminată)",muscle; cutis; renes; blood; larynx; pharynx; cor
Ascaris larve in plamani,408,409.15,9,TUSE; Sindromul de apnee în somn; BOLILE COPILĂRIEI — TUSEA MĂGĂREASCĂ; TUSE CONVULSIVĂ; Dispnee; Tuse și pneumonie; Hipopnee și dispnee în somn; Tuse și Hemoptizie; Tusea convulsivă (Bordetella pertussis),erythrocutes; bronchi; trachea; blood; pulma; pharynx; cor
Herpes Zoster si Varicela,Virus,"416,600",11,VARICE; Herpes Zoster (Zona Zoster); Herpes zoster; Varice; Herpes zoster oftalmic; Varicela (la gazde imunocompetente și imunodeprimate); BOLILE COPILĂRIEI — VARICELA; Herpes Zoster; ENCEFALITA; Herpes Zoster Oftalmic; VARICELA,cutis; grt. saph. vein; conjunctiva; veins; occipital cerebrum; cerebrum totalis; crystalline lens; cornea; frontal cerebrum; vitreous body
Herpes zoster,Necunoscut,virus,11,VARICE; Herpes Zoster (Zona Zoster); Herpes zoster; Varice; Herpes zoster oftalmic; Varicela (la gazde imunocompetente și imunodeprimate); BOLILE COPILĂRIEI — VARICELA; Herpes Zoster; ENCEFALITA; Herpes Zoster Oftalmic; VARICELA,cutis; grt. saph. vein; conjunctiva; veins; occipital cerebrum; cerebrum totalis; crystalline lens; cornea; frontal cerebrum; vitreous body
Ciguatera / Gambier discus toxina,☠️ Toxină,toxina,13,"Diareea osmotică; Diareea cronică; Diareea secretorie; DIAREEA CALATORULUI; BRADICARDIE; Diareea artificială (abuz de laxative, autoindusă); Diaree, Constipație și Malabsorbție; Diareea datorată medicației (AINS, laxative, antibiotice); DIAREE; Diareea acută; Diareea inflamatorie; INTESTINE — DIAREE; Diareea indusă de malabsorbția acizilor biliari (colecistectomie, boli ileale)",duodenum; ductus choledochus; vesica fellea; myocardium; tumica mucosa coli; colon; ileum; fasciculus atriov.; ductuli biliferi; jejunum; cor
Bacterial capsules (capsular strain),Bacterie,"416,050",11,"Meningită cronică; MENINGITĂ; Pneumonie toxoplasmică; Pneumonie, bronșiectazii și abces pulmonar; Meningită acută și encefalită; Meningită bacteriană cu Haemophilus influenzae; Pneumonie cauzată de Haemophilus influenzae; BRONHOPNEUMONIE; Tuse și pneumonie; Infecții neurologice (e.g., meningită, abces cerebral); Infecții pulmonare (e.g., pneumonie, aspergiloză)",tympanic cavity; bronchi; pia mater encephali; occipital cerebrum; pulma; cerebrum totalis; dura mater encephali; frontal cerebrum; cochlea; tuba auditiva; auditory ossicle
Enterobacter aerogenes,Bacterie,"374,000",11,"Infecții urinare; Infecții; Infecții urinare și renale; Pneumonie toxoplasmică; Pneumonie, bronșiectazii și abces pulmonar; Infecții nosocomiale; Pneumonie cauzată de Haemophilus influenzae; BRONHOPNEUMONIE; Tuse și pneumonie; Septicemie bacteriană; Infecții pulmonare (e.g., pneumonie, aspergiloză)",erythrocutes; tympanic cavity; bronchi; renes; lymph; blood; cor; pulma; vesies urinaria; tuba auditiva; auditory ossicle; cochlea
"Staphylococcus, viruses and bacteria",Bacterie,4.932.483,20,"Infecții produse de Aeromonas și Plesiomonas; Infecții cu Herpesvirusurile Umane 6 și 7 (HHV-6, HHV-7); Infecții meningococice și listerioza; Infecții anaerobe mixte; Tuse și pneumonie; Infecții; Infecții stafilococice; Pneumonie, bronșiectazii și abces pulmonar; Pneumonie cauzată de Haemophilus influenzae; Infecții sistemice și sepsis (e.g., bacteriemie, fungemie); Infecții virale (ex. Hepatita B, C); Infecții de transmitere sexuală și ale aparatului reproducător; Infecții osoase și articulare (e.g., osteomielită); Pneumonie toxoplasmică; Infecții urinare și renale; Infecții virale (ex.: HIV); Infecții ale pielii, țesuturilor moi, articulațiilor și oaselor; BRONHOPNEUMONIE; Faringite bacteriene și virale; Infecții pulmonare (e.g., pneumonie, aspergiloză)",bronchi; uterus; uterine cervix; prostata; renes; os; cor; mucosa nasalis; dura mater encephali; cartilago comp.; pia mater encephali; blood; peritonaeum; vesies urinaria; hepar; auditory ossicle; vagina; tympanic cavity; membrana synovalis; pharynx; nos. kpl. sinusitis; cochlea; tuba auditiva; erythrocutes; cutis; lymph; pulma; bones; tonsillae palatinae
Bacteria capsule (tulpina capsulara),417.5,418.75,8,"Meningita bacteriană; Pneumonie toxoplasmică; Pneumonie, bronșiectazii și abces pulmonar; Pneumonie cauzată de Haemophilus influenzae; Meningita bacteriană acută; BRONHOPNEUMONIE; Tuse și pneumonie; Infecții pulmonare (e.g., pneumonie, aspergiloză)",tympanic cavity; bronchi; pia mater encephali; occipital cerebrum; pulma; cerebrum totalis; dura mater encephali; frontal cerebrum; cochlea; tuba auditiva; auditory ossicle
Bacterial capsules,360,"357,600",11,"Meningită cronică; MENINGITĂ; Pneumonie toxoplasmică; Pneumonie, bronșiectazii și abces pulmonar; Meningită acută și encefalită; Meningită bacteriană cu Haemophilus influenzae; Pneumonie cauzată de Haemophilus influenzae; BRONHOPNEUMONIE; Tuse și pneumonie; Infecții neurologice (e.g., meningită, abces cerebral); Infecții pulmonare (e.g., pneumonie, aspergiloză)",tympanic cavity; bronchi; pia mater encephali; occipital cerebrum; pulma; cerebrum totalis; dura mater encephali; frontal cerebrum; cochlea; tuba auditiva; auditory ossicle
Chromobacterium violaceum,Necunoscut,bacterie,9,"Infecții cutanate (e.g., celulită, ecthyma gangrenosum); Tuse și pneumonie; Infecții; Pneumonie toxoplasmică; Pneumonie, bronșiectazii și abces pulmonar; Pneumonie cauzată de Haemophilus influenzae; BRONHOPNEUMONIE; Infecții cutanate (Impetigo, erizipel, celulită); Infecții pulmonare (e.g., pneumonie, aspergiloză)",erythrocutes; tympanic cavity; bronchi; cutis; lymph; blood; pulma; cochlea; tuba auditiva; auditory ossicle
Enterobacter aerogenes (bacterie intestinala),374,374,11,"Infecții urinare; Infecții; Infecții urinare și renale; Pneumonie toxoplasmică; Pneumonie, bronșiectazii și abces pulmonar; Infecții nosocomiale; Pneumonie cauzată de Haemophilus influenzae; BRONHOPNEUMONIE; Tuse și pneumonie; Septicemie bacteriană; Infecții pulmonare (e.g., pneumonie, aspergiloză)",erythrocutes; tympanic cavity; bronchi; renes; lymph; blood; cor; pulma; vesies urinaria; tuba auditiva; auditory ossicle; cochlea
Enterobacter aerogenes – bacterie intestinală,374,374,11,"Infecții urinare; Infecții; Infecții urinare și renale; Pneumonie toxoplasmică; Pneumonie, bronșiectazii și abces pulmonar; Infecții nosocomiale; Pneumonie cauzată de Haemophilus influenzae; BRONHOPNEUMONIE; Tuse și pneumonie; Septicemie bacteriană; Infecții pulmonare (e.g., pneumonie, aspergiloză)",erythrocutes; tympanic cavity; bronchi; renes; lymph; blood; cor; pulma; vesies urinaria; tuba auditiva; auditory ossicle; cochlea
Enterobacter cloacae,Necunoscut,"290,000",10,"Infecții urinare; Infecții; Infecții urinare și renale; Pneumonie toxoplasmică; Pneumonie, bronșiectazii și abces pulmonar; Infecții nosocomiale; Pneumonie cauzată de Haemophilus influenzae; BRONHOPNEUMONIE; Tuse și pneumonie; Infecții pulmonare (e.g., pneumonie, aspergiloză)",erythrocutes; tympanic cavity; bronchi; renes; lymph; blood; pulma; vesies urinaria; tuba auditiva; auditory ossicle; cochlea
Kinegeua pulmonar endocardit,Necunoscut,bacterie,6,"Pneumonie toxoplasmică; Pneumonie, bronșiectazii și abces pulmonar; Pneumonie cauzată de Haemophilus influenzae; BRONHOPNEUMONIE; Tuse și pneumonie; Infecții pulmonare (e.g., pneumonie, aspergiloză)",tympanic cavity; bronchi; pulma; cochlea; tuba auditiva; auditory ossicle
Staphylococcus aureus (cultura),Necunoscut,380.85,12,"Endocardita bacteriană; Sindromul streptococic asemănător șocului toxic; Endocardita bacteriană (streptococi viridans sau enterococi); Endocardita Infecțioasă; Osteomielita acută și cronică; Pneumonie toxoplasmică; Pneumonie, bronșiectazii și abces pulmonar; Pneumonie cauzată de Haemophilus influenzae; Endocardita gonococică; BRONHOPNEUMONIE; Tuse și pneumonie; Infecții pulmonare (e.g., pneumonie, aspergiloză)",tympanic cavity; bronchi; cutis; renes; os; periosteum; myocardium; mitrai valve; blood; pulma; bones; auditory ossicle; endocardium; cochlea; tuba auditiva; cor
Adenovirus,Virus,"393,000",22,GAT — FARINGITA; Conjunctivita neonatală gonococică; Faringita streptococică; Pneumonia industrială (expunere la oxizi de metale sau gaze acide); ENTERITA; Cistita Hemoragică; CONJUNCTIVITA; Pneumonia; Pneumonia eozinofilică; Conjunctivita cu incluzii (C. trachomatis); Conjunctivita cu incluzii a adultului (C. trachomatis serotipurile D-K); Bronșita cronică; Pneumonia de hipersensibilizare; GASTROENTERITA; Pneumonia streptococică; Pneumonia cu pulberi organice (exemplu: sporii de ciuperci); Pneumonia cu Pneumocystis carinii; Pneumonia cu C. pneumoniae; CISTITA; FARINGITA; Pneumonia infantilă (C. trachomatis); Pneumonia severă,duodenum; bronchi; cardia; pylorus; conjunctiva; pulma; crystalline lens; ileum; jejunum; cornea; larynx; pharynx; ventriculus; vesies urinaria; vitreous body
Adenovirus 12 (Gliadina),Virus,8.426.644,22,GAT — FARINGITA; Conjunctivita neonatală gonococică; Faringita streptococică; Pneumonia industrială (expunere la oxizi de metale sau gaze acide); ENTERITA; Cistita Hemoragică; CONJUNCTIVITA; Pneumonia; Pneumonia eozinofilică; Conjunctivita cu incluzii (C. trachomatis); Conjunctivita cu incluzii a adultului (C. trachomatis serotipurile D-K); Bronșita cronică; Pneumonia de hipersensibilizare; GASTROENTERITA; Pneumonia streptococică; Pneumonia cu pulberi organice (exemplu: sporii de ciuperci); Pneumonia cu Pneumocystis carinii; Pneumonia cu C. pneumoniae; CISTITA; FARINGITA; Pneumonia infantilă (C. trachomatis); Pneumonia severă,duodenum; bronchi; cardia; pylorus; conjunctiva; pulma; crystalline lens; ileum; jejunum; cornea; larynx; pharynx; ventriculus; vesies urinaria; vitreous body
Adenovirus D5 (VEGA),Virus,8.654.546,22,GAT — FARINGITA; Conjunctivita neonatală gonococică; Faringita streptococică; Pneumonia industrială (expunere la oxizi de metale sau gaze acide); ENTERITA; Cistita Hemoragică; CONJUNCTIVITA; Pneumonia; Pneumonia eozinofilică; Conjunctivita cu incluzii (C. trachomatis); Conjunctivita cu incluzii a adultului (C. trachomatis serotipurile D-K); Bronșita cronică; Pneumonia de hipersensibilizare; GASTROENTERITA; Pneumonia streptococică; Pneumonia cu pulberi organice (exemplu: sporii de ciuperci); Pneumonia cu Pneumocystis carinii; Pneumonia cu C. pneumoniae; CISTITA; FARINGITA; Pneumonia infantilă (C. trachomatis); Pneumonia severă,duodenum; bronchi; cardia; pylorus; conjunctiva; pulma; crystalline lens; ileum; jejunum; cornea; larynx; pharynx; ventriculus; vesies urinaria; vitreous body
Adenovirus sierotipo 37,Virus,9.659.749,22,GAT — FARINGITA; Conjunctivita neonatală gonococică; Faringita streptococică; Pneumonia industrială (expunere la oxizi de metale sau gaze acide); ENTERITA; Cistita Hemoragică; CONJUNCTIVITA; Pneumonia; Pneumonia eozinofilică; Conjunctivita cu incluzii (C. trachomatis); Conjunctivita cu incluzii a adultului (C. trachomatis serotipurile D-K); Bronșita cronică; Pneumonia de hipersensibilizare; GASTROENTERITA; Pneumonia streptococică; Pneumonia cu pulberi organice (exemplu: sporii de ciuperci); Pneumonia cu Pneumocystis carinii; Pneumonia cu C. pneumoniae; CISTITA; FARINGITA; Pneumonia infantilă (C. trachomatis); Pneumonia severă,duodenum; bronchi; cardia; pylorus; conjunctiva; pulma; crystalline lens; ileum; jejunum; cornea; larynx; pharynx; ventriculus; vesies urinaria; vitreous body
Branhamella (Neisseria) catarrhalis,Bacterie,"394,900",7,Bronșita cronică; Sinuzita fungică invazivă; Pneumonia; Pneumonia cu pulberi organice (exemplu: sporii de ciuperci); Pneumonia cu Pneumocystis carinii; Pneumonia cu C. pneumoniae; Otita medie (C. trachomatis),tympanic cavity; bronchi; nos. kpl. sinusitis; mem. max. sinus; pulma; mucosa nasalis; mem. frontal sinus; cochlea; tuba auditiva; auditory ossicle
Adenovirus (din Ascaris omorât),393,393,22,GAT — FARINGITA; Conjunctivita neonatală gonococică; Faringita streptococică; Pneumonia industrială (expunere la oxizi de metale sau gaze acide); ENTERITA; Cistita Hemoragică; CONJUNCTIVITA; Pneumonia; Pneumonia eozinofilică; Conjunctivita cu incluzii (C. trachomatis); Conjunctivita cu incluzii a adultului (C. trachomatis serotipurile D-K); Bronșita cronică; Pneumonia de hipersensibilizare; GASTROENTERITA; Pneumonia streptococică; Pneumonia cu pulberi organice (exemplu: sporii de ciuperci); Pneumonia cu Pneumocystis carinii; Pneumonia cu C. pneumoniae; CISTITA; FARINGITA; Pneumonia infantilă (C. trachomatis); Pneumonia severă,duodenum; bronchi; cardia; pylorus; conjunctiva; pulma; crystalline lens; ileum; jejunum; cornea; larynx; pharynx; ventriculus; vesies urinaria; vitreous body
Adenovirus 33,Necunoscut,"302,500",22,GAT — FARINGITA; Conjunctivita neonatală gonococică; Faringita streptococică; Pneumonia industrială (expunere la oxizi de metale sau gaze acide); ENTERITA; Cistita Hemoragică; CONJUNCTIVITA; Pneumonia; Pneumonia eozinofilică; Conjunctivita cu incluzii (C. trachomatis); Conjunctivita cu incluzii a adultului (C. trachomatis serotipurile D-K); Bronșita cronică; Pneumonia de hipersensibilizare; GASTROENTERITA; Pneumonia streptococică; Pneumonia cu pulberi organice (exemplu: sporii de ciuperci); Pneumonia cu Pneumocystis carinii; Pneumonia cu C. pneumoniae; CISTITA; FARINGITA; Pneumonia infantilă (C. trachomatis); Pneumonia severă,duodenum; bronchi; cardia; pylorus; conjunctiva; pulma; crystalline lens; ileum; jejunum; cornea; larynx; pharynx; ventriculus; vesies urinaria; vitreous body
Adenovirus 36 (în Echinostoma revol.),Necunoscut,"7.737.808,93",22,GAT — FARINGITA; Conjunctivita neonatală gonococică; Faringita streptococică; Pneumonia industrială (expunere la oxizi de metale sau gaze acide); ENTERITA; Cistita Hemoragică; CONJUNCTIVITA; Pneumonia; Pneumonia eozinofilică; Conjunctivita cu incluzii (C. trachomatis); Conjunctivita cu incluzii a adultului (C. trachomatis serotipurile D-K); Bronșita cronică; Pneumonia de hipersensibilizare; GASTROENTERITA; Pneumonia streptococică; Pneumonia cu pulberi organice (exemplu: sporii de ciuperci); Pneumonia cu Pneumocystis carinii; Pneumonia cu C. pneumoniae; CISTITA; FARINGITA; Pneumonia infantilă (C. trachomatis); Pneumonia severă,duodenum; bronchi; cardia; pylorus; conjunctiva; pulma; crystalline lens; ileum; jejunum; cornea; larynx; pharynx; ventriculus; vesies urinaria; vitreous body
Bordetella pertussis,Necunoscut,"329,850",4,Pneumonia; TUSE; Bronșita cronică; Tusea convulsivă (Bordetella pertussis),trachea; bronchi; pulma
Bordetella pertussis (tuse convulsiva),331,332.25,4,Pneumonia; TUSE; Bronșita cronică; Tusea convulsivă (Bordetella pertussis),trachea; bronchi; pulma
Bordetella pertussis – tuse convulsivă (dinte),331,332.25,4,Pneumonia; TUSE; Bronșita cronică; Tusea convulsivă (Bordetella pertussis),trachea; bronchi; pulma
Obesity virus (Adenovirus 36),Necunoscut,virus,22,GAT — FARINGITA; Conjunctivita neonatală gonococică; Faringita streptococică; Pneumonia industrială (expunere la oxizi de metale sau gaze acide); ENTERITA; Cistita Hemoragică; CONJUNCTIVITA; Pneumonia; Pneumonia eozinofilică; Conjunctivita cu incluzii (C. trachomatis); Conjunctivita cu incluzii a adultului (C. trachomatis serotipurile D-K); Bronșita cronică; Pneumonia de hipersensibilizare; GASTROENTERITA; Pneumonia streptococică; Pneumonia cu pulberi organice (exemplu: sporii de ciuperci); Pneumonia cu Pneumocystis carinii; Pneumonia cu C. pneumoniae; CISTITA; FARINGITA; Pneumonia infantilă (C. trachomatis); Pneumonia severă,duodenum; bronchi; cardia; pylorus; conjunctiva; pulma; crystalline lens; ileum; jejunum; cornea; larynx; pharynx; ventriculus; vesies urinaria; vitreous body
Proteus vulgaris – agent patogen urinar,"413, 336, 328",416.45,3,Litiaza cu struvit; CALCULI RENALI SAU LITIAZA RENALA; INFECTII URINARE,renes; vesies urinaria; ureter
Mycobacterium tuberculosis,Bacterie,"430,550",8,RINICHI — NEFRITĂ; RINICHI (probleme renale); Tuberculoza; TUBERCULOZA; RINICHI — PIETRE LA RINICHI; RINICHI (durere în zona...) (lumbago); CANCER AL GANGLIONILOR (al sistemului limfatic); RINICHI — ANURIE,bronchi; medulla spinalis; renes; lymph; pulma
Mycobacterium tuberculosis (TBC),432,434.2,8,RINICHI — NEFRITĂ; RINICHI (probleme renale); Tuberculoza; TUBERCULOZA; RINICHI — PIETRE LA RINICHI; RINICHI (durere în zona...) (lumbago); CANCER AL GANGLIONILOR (al sistemului limfatic); RINICHI — ANURIE,bronchi; medulla spinalis; renes; lymph; pulma
Mycobacterium tuberculosis bovis,Necunoscut,bacterie,8,RINICHI — NEFRITĂ; RINICHI (probleme renale); Tuberculoza; TUBERCULOZA; RINICHI — PIETRE LA RINICHI; RINICHI (durere în zona...) (lumbago); CANCER AL GANGLIONILOR (al sistemului limfatic); RINICHI — ANURIE,bronchi; medulla spinalis; renes; lymph; pulma
Mycobacterium tuberculosis – tuberculoză,432,434.2,8,RINICHI — NEFRITĂ; RINICHI (probleme renale); Tuberculoza; TUBERCULOZA; RINICHI — PIETRE LA RINICHI; RINICHI (durere în zona...) (lumbago); CANCER AL GANGLIONILOR (al sistemului limfatic); RINICHI — ANURIE,bronchi; medulla spinalis; renes; lymph; pulma
PCB (virus din carnea de pui),Virus,"64,000",1,Cancer asociat cu obezitatea,cor; pancreas; hepar; colon
Papiloma virus genotip 18,Necunoscut,virus,18,"COL UTERIN (cancer de...); Cancer de piele; Cancer de situs primar necunoscut; Cancer de sân; Miozita cu Corpi de Incluziune; Cancer asociat cu obezitatea; Intoxicație cu monoxid de carbon; Intoxicația cu gaz de ardere (fum sau gaz toxic); Pneumonia cu pulberi organice (exemplu: sporii de ciuperci); Cancer de căi genitourinare; Dermatitis de Contact cu Iritant; Cancer pulmonar legat de azbest; Intoxicație cu inhibitori de monoaminooxidază (IMAO); Cancer de cap și gât; Intoxicația cu dioxid de azot; Infecții cu Bartonella (Boala Zgârieturii de Pisică, Febra Oroya, Veruca Peruană, Angiomatoza Bacilară); UTER (CANCER DE COL UTERIN...); Diabetul zaharat de tip II cu depuneri amiloidice",bronchi; uterus; uterine cervix; prostata; renes; mama dextra; colon; larynx; pancreas; mamma sinistra; blood; vesies urinaria; hepar; muscle; endometrium; cerebrum totalis; pharynx; erythrocutes; cutis; lymph; pulma; cor
HPV – 53,Necunoscut,5.119.786,24,"SARCINA (afecțiuni în...); Condrocalcinoza (Pseudoguta); SARCINA; Carcinogeneza respiratorie (cancer pulmonar legat de expunerea profesională); Hipertensiunea indusă de sarcină (Preeclampsie); SARCINĂ — ECLAMPSIE; Carcinom hepatocelular; SARCINA FALSĂ; Carcinomatoza peritoneală; SARCINA (prelungită); CINETOZA; Meningita carcinomatoasă; SARCINA ECTOPICĂ SAU EXTRAUTERINĂ; CIUPERCI HALUCINOGENE (consum de...); Cancer cutanat (Carcinom bazocelular, spinocelular); Sindromul carcinoid și boala Hartnup (Deficit secundar de Niacină); DINTE (abces la radacina dintelui...); MEDICINA; HALUCINATII; LEZIUNI; Pelagra (Deficit de Niacină); Hiperplazie și carcinom prostatic; Carcinom spinocelular indus de radiații UV; CINEPATIE",bronchi; uterus; prostata; renes; os; colon; larynx; dura mater encephali; cartilago comp.; frontal cerebrum; corpus amygdaloid.; Sistemic; pia mater encephali; granuloma dentis; peritonaeum; temporal lobe; hepar; ovaria; labyrinthus; cerebellum; membrana synovalis; endometrium; muscle; placenta; occipital cerebrum; cerebrum totalis; pharynx; nervus vagus; teeth; cutis; pulma; bones
Neg papilloma cervix – unguent,404.3,404.6,23,"SARCINA (afecțiuni în...); Condrocalcinoza (Pseudoguta); SARCINA; Carcinogeneza respiratorie (cancer pulmonar legat de expunerea profesională); Hipertensiunea indusă de sarcină (Preeclampsie); SARCINĂ — ECLAMPSIE; Carcinom hepatocelular; SARCINA FALSĂ; Carcinomatoza peritoneală; SARCINA (prelungită); CINETOZA; Meningita carcinomatoasă; SARCINA ECTOPICĂ SAU EXTRAUTERINĂ; CIUPERCI HALUCINOGENE (consum de...); Cancer cutanat (Carcinom bazocelular, spinocelular); Sindromul carcinoid și boala Hartnup (Deficit secundar de Niacină); DINTE (abces la radacina dintelui...); MEDICINA; HALUCINATII; Pelagra (Deficit de Niacină); Hiperplazie și carcinom prostatic; Carcinom spinocelular indus de radiații UV; CINEPATIE",bronchi; uterus; prostata; renes; colon; larynx; dura mater encephali; cartilago comp.; frontal cerebrum; corpus amygdaloid.; Sistemic; pia mater encephali; granuloma dentis; peritonaeum; temporal lobe; hepar; ovaria; labyrinthus; cerebellum; membrana synovalis; endometrium; placenta; occipital cerebrum; cerebrum totalis; pharynx; nervus vagus; teeth; cutis; pulma
XMRV,Virus,6.385.882,8,Cancerul de prostată; Cancer de piele; Cancer de situs primar necunoscut; Cancer de sân; Hiperplazia benignă de prostată (BPH); Cancer de căi genitourinare; Cancer pulmonar legat de azbest; Cancer de cap și gât,erythrocutes; bronchi; cutis; prostata; renes; mama dextra; lymph; blood; mamma sinistra; pulma; larynx; pharynx; vesies urinaria
XMRV (X. Murine Related Virus),Necunoscut,virus,8,Cancerul de prostată; Cancer de piele; Cancer de situs primar necunoscut; Cancer de sân; Hiperplazia benignă de prostată (BPH); Cancer de căi genitourinare; Cancer pulmonar legat de azbest; Cancer de cap și gât,erythrocutes; bronchi; cutis; prostata; renes; mama dextra; lymph; blood; mamma sinistra; pulma; larynx; pharynx; vesies urinaria
Clonorchis sinensis,Parazit,"425,700",11,Cancer de piele; Cancer de situs primar necunoscut; Colangita; Cancer de sân; Colecistita acută; Colecistita cronică; Colecistita emfizematoasă; Cancer de căi genitourinare; Cancer pulmonar legat de azbest; Cancer de cap și gât; CISTITA,erythrocutes; ductus choledochus; bronchi; cutis; prostata; renes; mama dextra; vesica fellea; lymph; blood; mamma sinistra; pulma; ductuli biliferi; larynx; pharynx; vesies urinaria
Clonorchis sinensis oua,Necunoscut,-,11,Cancer de piele; Cancer de situs primar necunoscut; Colangita; Cancer de sân; Colecistita acută; Colecistita cronică; Colecistita emfizematoasă; Cancer de căi genitourinare; Cancer pulmonar legat de azbest; Cancer de cap și gât; CISTITA,erythrocutes; ductus choledochus; bronchi; cutis; prostata; renes; mama dextra; vesica fellea; lymph; blood; mamma sinistra; pulma; ductuli biliferi; larynx; pharynx; vesies urinaria
Clonorchis sinensis – ovul,414,416.0,11,Cancer de piele; Cancer de situs primar necunoscut; Colangita; Cancer de sân; Colecistita acută; Colecistita cronică; Colecistita emfizematoasă; Cancer de căi genitourinare; Cancer pulmonar legat de azbest; Cancer de cap și gât; CISTITA,erythrocutes; ductus choledochus; bronchi; cutis; prostata; renes; mama dextra; vesica fellea; lymph; blood; mamma sinistra; pulma; ductuli biliferi; larynx; pharynx; vesies urinaria
Schistosoma haematobium,Parazit,"473,000",9,Cancer de piele; Cancer de situs primar necunoscut; CHIST; HEMATURIE; Cancer de sân; Cancer de căi genitourinare; Cancer pulmonar legat de azbest; Cancer de cap și gât; Schistosomiaza urinară (Schistosoma haematobium),erythrocutes; bronchi; ovaria; cutis; prostata; renes; mama dextra; lymph; blood; mamma sinistra; pulma; hepar; larynx; pharynx; vesies urinaria
Benzoa pirene (cancer 384),Cancerogen,cancerogen,8,Cancer de piele; Cancer de situs primar necunoscut; Cancer de sân; Cancer de căi genitourinare; Cancer pulmonar; Cancer pulmonar legat de azbest; Cancer de cap și gât; Carcinogeneza respiratorie (cancer pulmonar legat de expunerea profesională),erythrocutes; bronchi; cutis; prostata; renes; mama dextra; lymph; blood; mamma sinistra; pulma; larynx; pharynx; vesies urinaria
Clostridium septicum,364,"362,050",7,Cancer de piele; Cancer de situs primar necunoscut; Cancer de sân; Cancer de căi genitourinare; Cancer pulmonar legat de azbest; Cancer de cap și gât; Septicemie bacteriană,erythrocutes; bronchi; cutis; prostata; renes; mama dextra; lymph; blood; mamma sinistra; pulma; larynx; pharynx; vesies urinaria; cor
HPV (Human Papilloma Virus),Negi,"402,850",8,COL UTERIN (cancer de...); Cancer de piele; Cancer de situs primar necunoscut; Cancer de sân; Cancer de căi genitourinare; Cancer pulmonar legat de azbest; Cancer de cap și gât; UTER (CANCER DE COL UTERIN...),erythrocutes; bronchi; uterus; cutis; endometrium; prostata; uterine cervix; renes; mama dextra; lymph; blood; mamma sinistra; pulma; larynx; pharynx; vesies urinaria
HPV 51,Necunoscut,virus,10,COL UTERIN (cancer de...); Cancer de piele; Cancer de situs primar necunoscut; Cancer de sân; LEZIUNI; Cancer de căi genitourinare; Cancer pulmonar legat de azbest; Cancer de cap și gât; UTER (CANCER DE COL UTERIN...); Leziuni pulmonare acute legate de transfuzie (TRALI),bronchi; uterus; uterine cervix; prostata; renes; mama dextra; os; larynx; mamma sinistra; blood; vesies urinaria; muscle; endometrium; pharynx; erythrocutes; cutis; lymph; pulma; bones
HPV 56,Necunoscut,virus,9,COL UTERIN (cancer de...); Cancer de piele; Cancer de situs primar necunoscut; Cancer de sân; LEZIUNI; Cancer de căi genitourinare; Cancer pulmonar legat de azbest; Cancer de cap și gât; UTER (CANCER DE COL UTERIN...),bronchi; uterus; uterine cervix; prostata; renes; mama dextra; os; larynx; mamma sinistra; blood; vesies urinaria; muscle; endometrium; pharynx; erythrocutes; cutis; lymph; pulma; bones
HPV 52,Necunoscut,virus,11,COL UTERIN (cancer de...); Cancer de piele; Cancer de situs primar necunoscut; Sindromul de apnee în somn; Cancer de sân; LEZIUNI; Sindrom de apnee în somn; Cancer de căi genitourinare; Cancer pulmonar legat de azbest; Cancer de cap și gât; UTER (CANCER DE COL UTERIN...),bronchi; uterus; uterine cervix; prostata; renes; mama dextra; os; larynx; mamma sinistra; blood; vesies urinaria; muscle; endometrium; pharynx; erythrocutes; cutis; lymph; pulma; bones; cor
HPV – 16,Necunoscut,"6.702.797,23",8,COL UTERIN (cancer de...); Cancer de piele; Cancer de situs primar necunoscut; Cancer de sân; Cancer de căi genitourinare; Cancer pulmonar legat de azbest; Cancer de cap și gât; UTER (CANCER DE COL UTERIN...),erythrocutes; bronchi; uterus; cutis; endometrium; prostata; uterine cervix; renes; mama dextra; lymph; blood; mamma sinistra; pulma; larynx; pharynx; vesies urinaria
HPV – 18,Necunoscut,"8.491.082,25",8,COL UTERIN (cancer de...); Cancer de piele; Cancer de situs primar necunoscut; Cancer de sân; Cancer de căi genitourinare; Cancer pulmonar legat de azbest; Cancer de cap și gât; UTER (CANCER DE COL UTERIN...),erythrocutes; bronchi; uterus; cutis; endometrium; prostata; uterine cervix; renes; mama dextra; lymph; blood; mamma sinistra; pulma; larynx; pharynx; vesies urinaria
Papiloma virus genotip 31,Necunoscut,virus,8,COL UTERIN (cancer de...); Cancer de piele; Cancer de situs primar necunoscut; Cancer de sân; Cancer de căi genitourinare; Cancer pulmonar legat de azbest; Cancer de cap și gât; UTER (CANCER DE COL UTERIN...),erythrocutes; bronchi; uterus; cutis; endometrium; prostata; uterine cervix; renes; mama dextra; lymph; blood; mamma sinistra; pulma; larynx; pharynx; vesies urinaria
Papiloma virus genotip 58,Necunoscut,virus,8,COL UTERIN (cancer de...); Cancer de piele; Cancer de situs primar necunoscut; Cancer de sân; Cancer de căi genitourinare; Cancer pulmonar legat de azbest; Cancer de cap și gât; UTER (CANCER DE COL UTERIN...),erythrocutes; bronchi; uterus; cutis; endometrium; prostata; uterine cervix; renes; mama dextra; lymph; blood; mamma sinistra; pulma; larynx; pharynx; vesies urinaria
Staphylococcus epidermidis (piele/mucoase),Necunoscut,-,35,"Infecții produse de Aeromonas și Plesiomonas; Infecții cu Herpesvirusurile Umane 6 și 7 (HHV-6, HHV-7); Infecții meningococice și listerioza; Deficit de zinc și vitamina A; Infecții provocate de Haemophilus influenzae tip b (Hib); Deficitul de vitamine și minerale; Hipogonadism hipogonadotropic (deficit de LH și FSH); Infecții legate de schimbările climatice; Examen de frotiu sanguin și măduvă osoasă; Infecții cauzate de Haemophilus ducreyi (chancre moale); Infecții prin zgârieturi de pisică (Boala zgârieturii de pisică); Infecții; Coxiurile de ciment (silicoza și boli obstructive); Infecții produse prin mușcături de câine; Deficitul de Carnitină și CPT; Infecții produse prin mușcături de pisică; Infecții cauzate de Haemophilus, Bordetella etc.; Infecții sistemice și sepsis (e.g., bacteriemie, fungemie); Sindromul de Ambliopie, Neuropatie Dureroasă și Dermatită Orogenitală (Sindromul Strachan); Hepatita toxică și indusă de medicamente; Infecții de transmitere sexuală și ale aparatului reproducător; Infecții osoase și articulare (e.g., osteomielită); Sindromul de ambliopie, neuropatie dureroasă și dermatită orogenitală (Sindromul Strachan); Infecțiile respiratorii recurente (legate de bronșiectazii și FC); MICOZĂ (... pe pielea capului, fire de păr și unghii); Sindromul carcinoid și boala Hartnup (Deficit secundar de Niacină); Infecții produse de arsuri termice; Infecții produse de mușcătura de om; Cancer de cap și gât; Sindromul de neoplazie endocrină multiplă (MEN 1 și MEN 2); Hiperproducția de renină și aldosteronism secundar; Infecții urinare și renale; Infecții ale pielii, țesuturilor moi, articulațiilor și oaselor; Infecții cu Bartonella (Boala Zgârieturii de Pisică, Febra Oroya, Veruca Peruană, Angiomatoza Bacilară); Infecții produse de mușcăturile șerpilor veninoși",bronchi; uterus; uterine cervix; nervus opticus; prostata; renes; os; mama dextra; gland. parathyreoid; colon; mucosa nasalis; larynx; pancreas; dura mater encephali; cartilago comp.; pia mater encephali; petina et chorioidea; mamma sinistra; blood; hepar; vesies urinaria; auditory ossicle; vagina; tympanic cavity; muscle; ovaria; membrana synovalis; testes; pharynx; hypophysis; gld. supraren. med.; cochlea; tuba auditiva; nos. kpl. sinusitis; erythrocutes; medulla spinalis; cutis; lymph; pulma; gld. supraren. cort; bones; cor
Besnoitia,Parazit,"352,800",3,"CANCER LA TESTICULE; LEZIUNI; Schistosomiaza cerebrală (S. japonicum și rar S. haematobium, S. mansoni)",muscle; cutis; os; testes; occipital cerebrum; cerebrum totalis; bones; frontal cerebrum
Besnoitia (sect. plămâni) – protozoar,358,361.4,3,"CANCER LA TESTICULE; LEZIUNI; Schistosomiaza cerebrală (S. japonicum și rar S. haematobium, S. mansoni)",muscle; cutis; os; testes; occipital cerebrum; cerebrum totalis; bones; frontal cerebrum
Besnoitia (sectiune pulmon),358,361.4,3,"CANCER LA TESTICULE; LEZIUNI; Schistosomiaza cerebrală (S. japonicum și rar S. haematobium, S. mansoni)",muscle; cutis; os; testes; occipital cerebrum; cerebrum totalis; bones; frontal cerebrum
Stephanurus dentalus (oua),461,463.1,2,LEZIUNI; CANCER LA UTER (col si corp),muscle; uterus; cutis; endometrium; os; bones
Onco-virus MYC,Necunoscut,virus,6,LIMFOM; Mielom multiplu; Cancer pulmonar; Cancer pulmonar legat de azbest; LEUCEMIE; Carcinogeneza respiratorie (cancer pulmonar legat de expunerea profesională),erythrocutes; bronchi; granulocytes; os; lymph; blood; pulma; bone marrow; larynx; pharynx; bones
Candida albicans (piele),Fungi,"384,200",2,Candidoza; CANDIDOZA,vagina; cutis; tongue
Candida albicans (digestiv),Necunoscut,9.876.591,6,Gastrita; CANDIDOZA; Candidoza; Esofagita; GASTRITA; ESOFAG,vagina; cardia; cutis; tongue; pylorus; esophagus; ventriculus
Candida albicans (pudra pura),386,388.4,4,Candidoza; ESOFAG; Esofagita; CANDIDOZA,vagina; cutis; esophagus; tongue
Candida albicans (pulmonar),Necunoscut,4.891.444,2,Candidoza; CANDIDOZA,vagina; cutis; tongue
Candida albicans / Candida pulmonara,Necunoscut,ciuperca,4,Candidoza; Transplant pulmonar și complicații; Infecția cu HIV (Human Immunodeficiency Virus); CANDIDOZA,vagina; erythrocutes; bronchi; cutis; tongue; lymph; blood; pulma; thymus (gland)
Candida albicans – candidoză pulmonară,Necunoscut,ciuperca,2,Candidoza; CANDIDOZA,vagina; cutis; tongue
Monilia albicans,Necunoscut,ciuperca,4,Candidoza; ESOFAG; Esofagita; CANDIDOZA,vagina; cutis; esophagus; tongue
Capillaria hepatica,Necunoscut,parazit,3,Hepatita C; Capilarioza; HEPATITA,hepar; Sistemic
Capillaria hepatica (sectiune ficat),428,430.65,2,Capilarioza; LEZIUNI,muscle; cutis; os; bones; Sistemic
Hepatitis B,Virus,"414,000",14,Pancreatita acută și cronică; Ciroza hepatică; Hepatita toxică și indusă de medicamente; Steatoza hepatică și hepatita steatozică; Hepatita acută fulminantă; CELUL; Hepatita acută virală; Carcinom hepatocelular; Osteomielita acută și cronică; Hepatita cronică; Meningită acută și encefalită; Hepatita B; Hepatita cronică virală; HEPATITA,pia mater encephali; cutis; cauda pancreat.; os; periosteum; lymph; pancreas; occipital cerebrum; cerebrum totalis; bones; dura mater encephali; frontal cerebrum; hepar
Hepatitis C,Virus,"8.441.015,12",7,Ciroza hepatică; CELUL; Carcinom hepatocelular; Hepatita cronică; Hepatita cronică virală; Hepatita C; HEPATITA,lymph; hepar; cutis
Hepatitis B antigen,418,420.8,14,Pancreatita acută și cronică; Ciroza hepatică; Hepatita toxică și indusă de medicamente; Steatoza hepatică și hepatita steatozică; Hepatita acută fulminantă; CELUL; Hepatita acută virală; Carcinom hepatocelular; Osteomielita acută și cronică; Hepatita cronică; Meningită acută și encefalită; Hepatita B; Hepatita cronică virală; HEPATITA,pia mater encephali; cutis; cauda pancreat.; os; periosteum; lymph; pancreas; occipital cerebrum; cerebrum totalis; bones; dura mater encephali; frontal cerebrum; hepar
Taenia pisiformis (cysticercus),Parazit,4.752.000,31,OCHI (afecțiuni ale...); OCHI — CATARACTĂ; OCHI — DALTONISM; OCHI — DEGENERESCENȚA RETINIANĂ (maculară); OCHI — MIOPIE; OCHI — RETINITA PIGMENTARĂ / RETINOPATIA PIGMENTARĂ; OCHI — ORBIRE; OCHI — CHERATITA; OCHI (afecțiuni ale copiilor); OCHI — PUPILE (Midriaza); MASOCHISM; OCHI — ASTIGMATISM; TENIA; OCHI — CONJUNCTIVITĂ; OCHI — GLAUCOM; OCHI — STRABISM DIVERGENT; SADOMASOCHISM; OCHI — STRABISM (în general); OCHI — STRABISM CONVERGENT; OCHI — CEARCĂNE; CEARCANE (LA OCHI...); OCHI USCAȚI; OCHI — HIPERMETROPIE ȘI PREZBITISM; OCHI — NISTAGMUS; OCHI — PTERIGION; Keratoconjunctivită uscată (sindrom de ochi uscat); Pseudochist pancreatic; OCHI — DEZLIPIREA DE RETINĂ; OCHI — COMOTIA RETINIANĂ; OCHI (ÎN GENERAL); URĂ,petina et chorioidea; nervus opticus; cauda pancreat.; conjunctiva; colon; cerebrum totalis; crystalline lens; corpus amygdaloid.; art. et vena ophth.; cornea; ileum; pancreas; vitreous body
Jun (din Onchocerca),Virus,"336,000",1,CECITATE,crystalline lens; cornea; vitreous body; conjunctiva
Onchocerca volvulus (tumoare),440,442.1,4,DERMATITA; NODULI; Oncocercoza; CECITATE,cutis; petina et chorioidea; conjunctiva; glandula thyreoidea; lymph; crystalline lens; cornea; vitreous body
Onchocerca volvulus (tumora),440,442.1,3,NODULI; Oncocercoza; CECITATE,cutis; petina et chorioidea; conjunctiva; glandula thyreoidea; lymph; crystalline lens; cornea; vitreous body
Angiostrongylus cantomensis,Necunoscut,parazit,4,Cefaleea Cluster; Migrene și Cefalee; CEFALEE; VĂRSĂTURI,nervus trigeminus; cerebrum totalis; nervus vagus; ventriculus; arteries
HTLV 1 (virusul T-limfotropic uman 1),Virus,4.686.298,8,Leucemia/limfomul cu celule T al adultului (ATLL); Leucemia/limfomul cu celule T al adultului (HTLV-I); CELUL; LIMFOM; LEUCEMIE; Limfomul limfoblastic cu precursori ai celulei T sau B; Mielopatia asociată cu HTLV-I (parapareza spastică tropicală); Conjunctivita cu incluzii a adultului (C. trachomatis serotipurile D-K),erythrocutes; medulla spinalis; cutis; granulocytes; lymph; conjunctiva; blood; crystalline lens; bone marrow; cornea; vitreous body
Acid malonic,Necunoscut,4.864.684,1,CELUL,lymph; cutis
Cytochalasin B,Necunoscut,91,1,CELUL,lymph; cutis
Cytochalsin B,Necunoscut,-,1,CELUL,lymph; cutis
Didinium,404,406.05,1,CELUL,lymph; cutis
HTLV 2 (virusul T-limfotropic uman 2),Necunoscut,3.850.032,5,Leucemia/limfomul cu celule T al adultului (ATLL); Leucemia/limfomul cu celule T al adultului (HTLV-I); CELUL; LEUCEMIE; Limfomul limfoblastic cu precursori ai celulei T sau B,erythrocutes; cutis; granulocytes; lymph; blood; bone marrow
HTLV-2 lymphotrofic (Human T-cell virus tip 2),Necunoscut,virus,5,Leucemia/limfomul cu celule T al adultului (ATLL); Leucemia/limfomul cu celule T al adultului (HTLV-I); CELUL; LEUCEMIE; Limfomul limfoblastic cu precursori ai celulei T sau B,erythrocutes; cutis; granulocytes; lymph; blood; bone marrow
Hydroxid de graten,Necunoscut,-,1,CELUL,lymph; cutis
Il nucleo – mio nucleo splenico interno – celula madre DNA master,Frecvență celulă stem,altele,1,CELUL,lymph; cutis
Linfoma celule B immaturo oncogenic rez. virala,Necunoscut,virus,8,Infecții cu Herpesvirusul Umane 8 (HHV-8); Leucemia/limfomul cu celule T al adultului (ATLL); Leucemia/limfomul cu celule T al adultului (HTLV-I); CELUL; Infecții virale (ex.: HIV); LIMFOM; Vitiligo (asociat cu tratamente cu PUVA); Limfomul limfoblastic cu precursori ai celulei T sau B,erythrocutes; cutis; lymph; blood; bone marrow
Mycobacterium stegmatis / gregmatis,Necunoscut,bacterie,5,"Infecții; CELUL; Celulita; Infecții cutanate (Impetigo, erizipel, celulită); Infecții cutanate (e.g., celulită, ecthyma gangrenosum)",erythrocutes; blood; lymph; cutis
Piodermite,Necunoscut,bacterie,4,Impetigo; CELUL; Celulita; FOLICULITA,lymph; cutis
Streptococcus beta haemolyticus (pentru erizipel),Necunoscut,4.123.548,7,"Sindromul streptococic asemănător șocului toxic; CELUL; Celulita; Erizipel; Fasciita necrozantă; Infecții cutanate (Impetigo, erizipel, celulită); Erizipeloidul (Infecții de la pești sau carne contaminată)",muscle; cutis; renes; lymph; blood; cor
Streptococcus sp. group G (dinte),368,368.85,6,"GAT — FARINGITA; Faringita streptococică; CELUL; Celulita; FARINGITA; Infecții sistemice și sepsis (e.g., bacteriemie, fungemie)",erythrocutes; cutis; lymph; blood; larynx; pharynx; cor
Sporotrix / Shenckii,Necunoscut,ciuperca,9,CHARCOT (boala lui...) SAU SCLEROZA LATERALA AMIOTROFICA; CREIER— HUNTINGTON (boala lui...) sau (COREE a lui ...); Infecții prin zgârieturi de pisică (Boala zgârieturii de pisică); Limfangita; Sporotricoza; ULCER BUCAL (herpes) SAU ȘANCRU; GLANDA TIROIDA — BASEDOW (boala a lui...) SAU GUSA EXOFTALMICA; INTESTINE — CROHN (boala lui...) SAU ILEITĀ; ULCER PEPTIC SAU GASTRIC (la duoden sau stomac),pylorus; colon; cubital; cartilago comp.; frontal cerebrum; vitreous body; tongue; conjunctiva; tumica mucosa coli; ileum; duodenum; cardia; membrana synovalis; glandula thyreoidea; occipital cerebrum; cerebrum totalis; crystalline lens; cornea; pharynx; ventriculus; cutis; lymph; jejunum
Plasmodium falciparum smear (malarie),373.0,373.8,3,DINTI - MASEA DE MINTE INCLUSA; CHEAG DE SANGE; Hipoxemia severă (Sindromul de detresă respiratorie a adultului - ARDS),erythrocutes; bronchi; mama dextra; mamma sinistra; blood; pulma; teeth
Cysticercus fasciolaris,Parazit,"436,400",3,EPILEPSIE; CHIST; Hipertensiune,ovaria; renes; occipital cerebrum; cerebrum totalis; frontal cerebrum; hepar; arteries; cor
Echinococcus granulosus (cysts),Parazit,"441,150",26,CREIER — MENINGITA; CREIER — (congestie a creierului...); CREIER — ECHILIBRU (pierderea echilibrului) SAU AMETEALA; CREIER — SINDROMUL ADAMS-STOKES; CREIER — PARALIZIE CEREBRALA; CREIER — TICURI; CREIER – ENCEFALITA; SACRU (OS); CREIER — HEMIPLEGIE; CHIST; CREIER— HUNTINGTON (boala lui...) sau (COREE a lui ...); CREIER — PARKINSON (boala lui...); CREIER (comotie) SAU COMOTIE CEREBRALA; CREIER (in general); CREIER (tumora la...); CREIER (abces la...); CREIER — STARE VEGETATIVA CRONICA; CREIER - APOPLEXIE; CREIER (durere la...); CREIER — EPILEPSIE; Sindromul de ovare polichistice (PCOS); CREIER — SINCOPA; CREIER — CREUTZFELD-JAKOB (boala...) SAU BOALA VACII NEBUNE; TUMORĂ LA CREIER; CREIER — HIDROCEFALIE; CREIER - ACCIDENT VASCULAR CEREBRAL (A.V.C.),vertebra sacralis; ovaria; cerebellum; pia mater encephali; renes; os; occipital cerebrum; cerebrum totalis; gld. supraren. cort; hypophysis; bones; dura mater encephali; frontal cerebrum; hepar
Echinococcus granulosus,Necunoscut,461.5,26,CREIER — MENINGITA; CREIER — (congestie a creierului...); CREIER — ECHILIBRU (pierderea echilibrului) SAU AMETEALA; CREIER — SINDROMUL ADAMS-STOKES; CREIER — PARALIZIE CEREBRALA; CREIER — TICURI; CREIER – ENCEFALITA; SACRU (OS); CREIER — HEMIPLEGIE; CHIST; CREIER— HUNTINGTON (boala lui...) sau (COREE a lui ...); CREIER — PARKINSON (boala lui...); CREIER (comotie) SAU COMOTIE CEREBRALA; CREIER (in general); CREIER (tumora la...); CREIER (abces la...); CREIER — STARE VEGETATIVA CRONICA; CREIER - APOPLEXIE; CREIER (durere la...); CREIER — EPILEPSIE; Sindromul de ovare polichistice (PCOS); CREIER — SINCOPA; CREIER — CREUTZFELD-JAKOB (boala...) SAU BOALA VACII NEBUNE; TUMORĂ LA CREIER; CREIER — HIDROCEFALIE; CREIER - ACCIDENT VASCULAR CEREBRAL (A.V.C.),vertebra sacralis; ovaria; cerebellum; pia mater encephali; renes; os; occipital cerebrum; cerebrum totalis; gld. supraren. cort; hypophysis; bones; dura mater encephali; frontal cerebrum; hepar
Chilomastix – chist (șobolan),"389, 426",390.7,1,CHIST,renes; ovaria; hepar
Echinococcus granulosus (chisturi),Necunoscut,446.5,3,Sindromul de ovare polichistice (PCOS); CHIST; SACRU (OS),vertebra sacralis; ovaria; renes; os; gld. supraren. cort; hypophysis; bones; hepar
Echinococcus granulosus (oua),Necunoscut,-,2,CHIST; Infecții produse de mușcătura de om,ovaria; cutis; membrana synovalis; renes; hepar
Echinococcus granulosus (ovule),Necunoscut,-,3,DINTI - MASEA DE MINTE INCLUSA; CHIST; Hipoxemia severă (Sindromul de detresă respiratorie a adultului - ARDS),bronchi; ovaria; renes; pulma; teeth; hepar
Entamoeba coli – chist,Necunoscut,-,1,CHIST,renes; ovaria; hepar
Giardia lamblia chisturi,Necunoscut,-,5,CHIST; Sindromul de apnee în somn; Sindrom de apnee în somn; Hipoxemia severă (Sindromul de detresă respiratorie a adultului - ARDS); DINTI - MASEA DE MINTE INCLUSA,bronchi; ovaria; renes; pulma; teeth; pharynx; hepar; cor
Giardia lamblia – chist,455,426.3,4,"Encefalopatia mitocondrială cu acidoză lactică și accident vascular cerebral (MELAS); Intoxicații acute și cronice cu metale grele; CHIST; Infecții cu Herpesvirusurile Umane 6 și 7 (HHV-6, HHV-7)",erythrocutes; ovaria; cutis; renes; blood; occipital cerebrum; cerebrum totalis; bone marrow; frontal cerebrum; hepar
Schistosoma intercalatum,Necunoscut,parazit,4,"FRICA; CHIST; Hematuria; Schistosomiaza intestinală (Schistosoma mansoni, Schistosoma japonicum)",ovaria; renes; tumica mucosa coli; colon; sympathicus; hepar; corpus amygdaloid.; Sistemic
Schistosoma japonicum,Necunoscut,"364,000",29,"Hepatita D; Perihepatita gonococică (Sindromul Fitz-Hugh-Curtis); FICAT — CIROZA (... a ficatului); Ciroza metabolică; Hepatita cronică; ENCEFALITA; Hepatita B; CIROZA (... a ficatului); Hepatita HSV; FICAT — HEPATITA; CHIST; Ciroza postnecrotică; Hepatita autoimună; Steatoza hepatică și hepatita steatozică; Ciroza biliară primitivă; Ciroza alcoolică; Hepatita C; Ciroza biliară secundară; Infecții virale (ex. Hepatita B, C); Hepatita toxică și indusă de medicamente; Hepatita acută virală; Hepatita E; HEPATITA; Hepatita alcoolică; Ciroza hepatică; Hepatita acută fulminantă; Splenomegalie; Hepatita cronică virală; Hepatita G",ductus choledochus; ovaria; renes; ductuli biliferi; vesica fellea; occipital cerebrum; cerebrum totalis; frontal cerebrum; hepar; lien
Schistosoma japonicum cercarii,366.6,366.9,1,CHIST,renes; ovaria; hepar
Schistosoma japonicum femela,366,367.2,1,CHIST,renes; ovaria; hepar
Schistosoma japonicum miracidii,365.35,365.4,1,CHIST,renes; ovaria; hepar
Schistosoma japonicum oua,365,365.2,1,CHIST,renes; ovaria; hepar
Schistosoma japonicum – ovul,Necunoscut,-,1,CHIST,renes; ovaria; hepar
Schistosoma mansoni,353,"353,000",3,CHIST; Splenomegalie; Hipertensiune,lien; ovaria; renes; hepar; arteries; cor
Schistosoma mansoni femela,Necunoscut,354.9,3,"Schistosomiaza intestinală (Schistosoma mansoni, Schistosoma japonicum); CHIST; GAT - NOD IN GAT",ovaria; renes; tumica mucosa coli; colon; larynx; pharynx; hepar
Schistosoma mansoni mascul,Necunoscut,354.1,1,CHIST,renes; ovaria; hepar
Taenia solium (scolex),Necunoscut,448.9,2,CHIST; TENIA,ovaria; renes; colon; ileum; hepar
Trichinella spiralis (mușchi),404.5,405.57,7,CHIST; CREIER — PARALIZIE CEREBRALA; Miocardita; GAT - NOD IN GAT; Disfagie; Trichineloza; TRISMUS,ovaria; muscle; renes; myocardium; nervus trigeminus; occipital cerebrum; pulma; cerebrum totalis; esophagus; larynx; pharynx; frontal cerebrum; hepar; cor
Aflatoxina,☠️ Toxină,"177,000",1,Ciroză hepatică,hepar
Aflatoxin,Necunoscut,188,1,Ciroză hepatică,hepar
Opistorchis viverini,Parazit,"99,000",10,Pancreatita acută și cronică; Colangita; Colecistita acută; Colecistita cronică; Colecistita emfizematoasă; Pancreatita indusă de alcool; Pancreatita cronică; Pancreatita biliară; CISTITA; Pancreatita ereditară,ductus choledochus; bronchi; cauda pancreat.; vesies urinaria; vesica fellea; pulma; pancreas; ductuli biliferi
Cistitis,Grabovoi,-,1,CISTITA,vesies urinaria
Cistitis (Grabovoi),Necunoscut,-,1,CISTITA,vesies urinaria
Proteus vulgaris,Necunoscut,"408,750",3,"Infecții sistemice și sepsis (e.g., bacteriemie, fungemie); CISTITA; INFECTII URINARE",erythrocutes; renes; lymph; blood; vesies urinaria; cor
Proteus vulgaris (tract urinar),"413, 336, 328",416.45,8,Cistita interstițială; Colecistita acută; Colecistita cronică; Colecistita emfizematoasă; VEZICĂ — CISTITA; CISTITA; Cistita Hemoragică; URINA (INFECȚII URINARE) SAU CISTITA,ductus choledochus; bronchi; vesies urinaria; vesica fellea; pulma; ductuli biliferi
Papiloma virus,Necunoscut,virus,1,COL UTERIN (cancer de...),uterus; uterine cervix; endometrium
Fischoedrius elongatus,Parazit,"441,750",4,Icter obstructiv (extrahepatic sau intrahepatic); Icter; Colangita; ICTER (GALBINAREA),ductus choledochus; bilirubin; vesica fellea; hepar; ductuli biliferi
Clonorchis metacercariae,Necunoscut,-,1,Colangita,ductus choledochus; vesica fellea; ductuli biliferi
Fascioedrius elongatus,432,433.0,4,Icter obstructiv (extrahepatic sau intrahepatic); Icter; Colangita; ICTER (GALBINAREA),ductus choledochus; bilirubin; vesica fellea; hepar; ductuli biliferi
Platynosomum fastosum adult,Necunoscut,-,1,Colangita,ductus choledochus; vesica fellea; ductuli biliferi
Platynosomum fastosum dezvoltat,Necunoscut,-,2,Icter; Colangita,ductus choledochus; bilirubin; vesica fellea; ductuli biliferi
Cytophaga rubra,Bacterie,"428,100",11,"Complicații neurologice pe termen lung ale meningitei bacteriene; Infecții; Infecții bacteriene (Salmonella, Shigella, Campylobacter); Infecții de transmitere sexuală și ale aparatului reproducător; CONJUNCTIVITA; Infecții ale pielii, țesuturilor moi, articulațiilor și oaselor; Infecții la gazda imunocompromisă; Infecții produse de mușcătura de om; Infecții cutanate (Impetigo, erizipel, celulită); Infecții cutanate (e.g., celulită, ecthyma gangrenosum); Infecții profunde ale gâtului (spațiu faringian, lateral sau submandibular)",uterus; uterine cervix; prostata; os; parotid gland; colon; larynx; dura mater encephali; cartilago comp.; frontal cerebrum; vitreous body; pia mater encephali; conjunctiva; blood; submandibular gland; duodenum; vagina; membrana synovalis; occipital cerebrum; cerebrum totalis; crystalline lens; cornea; pharynx; teeth; erythrocutes; cutis; lymph; pulma; bones
Stephanurus dentalus (ova),Parazit,"457,350",4,"LEZIUNI; Infecții urinare și renale; Complicații renale și glomerulonefrită; Schistosomiaza cerebrală (S. japonicum și rar S. haematobium, S. mansoni)",muscle; cutis; renes; os; occipital cerebrum; cerebrum totalis; bones; frontal cerebrum; vesies urinaria
Chlamydia trachomatis,Bacterie,"379,700",7,CONJUNCTIVITA; Pneumonia; Trahomul (C. trachomatis serotipurile A-C); Conjunctivita cu incluzii (C. trachomatis); Limfogranulomatoza veneriană (LGV); SALPINGITA; Conjunctivita cu incluzii a adultului (C. trachomatis serotipurile D-K),bronchi; uterus; endometrium; lymph; conjunctiva; pulma; crystalline lens; rectum; cornea; vitreous body; uterine tube
Shigella flexneri (depresie),394,394,3,CONJUNCTIVITA; Sindromul Reiter; Sindromul Reiter (C. trachomatis),uterine cervix; membrana synovalis; conjunctiva; crystalline lens; cornea; vitreous body
Ergot (Cornul secarei),Fungi,"295,000",3,Convulsii; MUȘCHI — CONVULSII; Convulsii și epilepsie,cerebrum totalis; frontal cerebrum; occipital cerebrum
Ergot,Necunoscut,-,3,Convulsii; MUȘCHI — CONVULSII; Convulsii și epilepsie,cerebrum totalis; frontal cerebrum; occipital cerebrum
Metagonimus Yokogawai,Parazit,"437,350",15,"Diareea osmotică; Diareea cronică; Diareea secretorie; DIAREEA CALATORULUI; CRAMPE ABDOMINALE; Diareea artificială (abuz de laxative, autoindusă); ENTERITA; Diaree, Constipație și Malabsorbție; Diareea datorată medicației (AINS, laxative, antibiotice); DIAREE; Diareea acută; Diareea inflamatorie; CRAMPE; INTESTINE — DIAREE; Diareea indusă de malabsorbția acizilor biliari (colecistectomie, boli ileale)",duodenum; ductus choledochus; muscle; vesica fellea; blood; tumica mucosa coli; colon; ileum; ventriculus; ductuli biliferi; jejunum
Giardia lamblia (trofozoite),424,426.3,6,"CRAMPE ABDOMINALE; Diaree, Constipație și Malabsorbție; Malabsorbție (Boala celiacă, insuficiență pancreatică, boala Whipple); DIAREE; CRAMPE; MALABSORBȚIE INTESTINALĂ",duodenum; muscle; cauda pancreat.; blood; tumica mucosa coli; colon; ileum; pancreas; ventriculus; jejunum
Hymenolepis diminuta,Necunoscut,"445,000",7,CRAMPE MUSCULARE (in general); DINTI - MASEA DE MINTE INCLUSA; CRAMPE ABDOMINALE; Prurit; DIAREE; Hipoxemia severă (Sindromul de detresă respiratorie a adultului - ARDS); CRAMPE,erythrocutes; bronchi; muscle; cutis; blood; tumica mucosa coli; colon; pulma; teeth; ventriculus
Mucor mucedo,Necunoscut,-,26,CREIER — MENINGITA; CREIER — (congestie a creierului...); CREIER — ECHILIBRU (pierderea echilibrului) SAU AMETEALA; CREIER — SINDROMUL ADAMS-STOKES; CREIER — PARALIZIE CEREBRALA; CREIER — TICURI; CREIER – ENCEFALITA; CREIER — HEMIPLEGIE; CREIER— HUNTINGTON (boala lui...) sau (COREE a lui ...); Mucormicoza; CREIER — PARKINSON (boala lui...); ULCER PEPTIC SAU GASTRIC (la duoden sau stomac); CREIER (comotie) SAU COMOTIE CEREBRALA; CREIER (in general); CREIER (tumora la...); CREIER (abces la...); CREIER — STARE VEGETATIVA CRONICA; CREIER - APOPLEXIE; CREIER (durere la...); CREIER — EPILEPSIE; CREIER — SINCOPA; CREIER — CREUTZFELD-JAKOB (boala...) SAU BOALA VACII NEBUNE; TUMORĂ LA CREIER; DIABET; CREIER — HIDROCEFALIE; CREIER - ACCIDENT VASCULAR CEREBRAL (A.V.C.),pylorus; renes; mucosa nasalis; pancreas; dura mater encephali; frontal cerebrum; pia mater encephali; blood; ileum; hepar; duodenum; cardia; cerebellum; occipital cerebrum; cerebrum totalis; ventriculus; erythrocutes; pulma; jejunum
Naegleria fowleri,Parazit,"356,000",5,Meningoencefalită amoebiană primară (Naegleria fowleri); FATA; ENCEFALITA; CREIER - APOPLEXIE; CREIER - ACCIDENT VASCULAR CEREBRAL (A.V.C.),nervus facialis; cutis; os; occipital cerebrum; cerebrum totalis; bones; frontal cerebrum
Naegleria fowleri (sect. creier),Necunoscut,-,5,Meningoencefalită amoebiană primară (Naegleria fowleri); FATA; ENCEFALITA; CREIER - APOPLEXIE; CREIER - ACCIDENT VASCULAR CEREBRAL (A.V.C.),nervus facialis; cutis; os; occipital cerebrum; cerebrum totalis; bones; frontal cerebrum
Naegleria fowleri (sectiune creier),Necunoscut,-,5,Meningoencefalită amoebiană primară (Naegleria fowleri); FATA; ENCEFALITA; CREIER - APOPLEXIE; CREIER - ACCIDENT VASCULAR CEREBRAL (A.V.C.),nervus facialis; cutis; os; occipital cerebrum; cerebrum totalis; bones; frontal cerebrum
Vaso governatore,Canal energetic,altele,1,CREIER - ACCIDENT VASCULAR CEREBRAL (A.V.C.),cerebrum totalis; frontal cerebrum; occipital cerebrum
CMV (Cytomegalovirus),Virus,6.895.498,10,Pneumonia; Encefalita limbică; Encefalita amoebiană granulomatoasă (Acanthamoeba spp.); Encefalita cu virus herpes simplex; MONONUCLEOZA; CREIER – ENCEFALITA; ENCEFALITA; Hepatita C; Encefalita trunchiului cerebral; HEPATITA,bronchi; cutis; granuloma dentis; mesencephalon; lymph; occipital cerebrum; pulma; cerebrum totalis; pharynx; pons; frontal cerebrum; hepar; lien
Echovirus,Virus,8.695.458,8,GASTROENTERITA; Encefalita limbică; Encefalita amoebiană granulomatoasă (Acanthamoeba spp.); Encefalita cu virus herpes simplex; ENTERITA; CREIER – ENCEFALITA; ENCEFALITA; Encefalita trunchiului cerebral,duodenum; cardia; cutis; granuloma dentis; ventriculus; pylorus; mesencephalon; occipital cerebrum; cerebrum totalis; ileum; pons; frontal cerebrum; jejunum
Enterovirus,Virus,8.123.456,8,Encefalita limbică; Encefalita amoebiană granulomatoasă (Acanthamoeba spp.); Encefalita cu virus herpes simplex; CREIER – ENCEFALITA; Miocardita; Meningita virală (aseptică); ENCEFALITA; Encefalita trunchiului cerebral,pia mater encephali; cutis; granuloma dentis; mesencephalon; myocardium; occipital cerebrum; cerebrum totalis; dura mater encephali; pons; frontal cerebrum; cor
Coxsackie B5,Necunoscut,virus,8,Encefalita limbică; Encefalita amoebiană granulomatoasă (Acanthamoeba spp.); Encefalita cu virus herpes simplex; CREIER – ENCEFALITA; Miocardita; LEUCEMIE; ENCEFALITA; Encefalita trunchiului cerebral,erythrocutes; cutis; granuloma dentis; granulocytes; mesencephalon; myocardium; blood; occipital cerebrum; cerebrum totalis; pons; frontal cerebrum; cor
Coxsackie B5 (virus leucemie),Necunoscut,"359,000",8,Encefalita limbică; Encefalita amoebiană granulomatoasă (Acanthamoeba spp.); Encefalita cu virus herpes simplex; CREIER – ENCEFALITA; Miocardita; LEUCEMIE; ENCEFALITA; Encefalita trunchiului cerebral,erythrocutes; cutis; granuloma dentis; granulocytes; mesencephalon; myocardium; blood; occipital cerebrum; cerebrum totalis; pons; frontal cerebrum; cor
Echo-virus,Necunoscut,virus,8,GASTROENTERITA; Encefalita limbică; Encefalita amoebiană granulomatoasă (Acanthamoeba spp.); Encefalita cu virus herpes simplex; ENTERITA; CREIER – ENCEFALITA; ENCEFALITA; Encefalita trunchiului cerebral,duodenum; cardia; cutis; granuloma dentis; ventriculus; pylorus; mesencephalon; occipital cerebrum; cerebrum totalis; ileum; pons; frontal cerebrum; jejunum
Herpes simplex 6,Necunoscut,9.321.386,6,Encefalita limbică; Encefalita amoebiană granulomatoasă (Acanthamoeba spp.); Encefalita cu virus herpes simplex; CREIER – ENCEFALITA; ENCEFALITA; Encefalita trunchiului cerebral,cutis; granuloma dentis; mesencephalon; occipital cerebrum; cerebrum totalis; pons; frontal cerebrum
Human diabet parechovirus,Necunoscut,virus,8,GASTROENTERITA; Encefalita limbică; Encefalita amoebiană granulomatoasă (Acanthamoeba spp.); Encefalita cu virus herpes simplex; ENTERITA; CREIER – ENCEFALITA; ENCEFALITA; Encefalita trunchiului cerebral,duodenum; cardia; cutis; granuloma dentis; ventriculus; pylorus; mesencephalon; occipital cerebrum; cerebrum totalis; ileum; pons; frontal cerebrum; jejunum
Klebsiella pneumoniae,Bacterie,"398,450",15,Infecții urinare; CREIER — MENINGITA; Meningita bacteriană; Infecții; Meningita carcinomatoasă; Meningita tuberculoasă; Pneumonia; Infecții urinare și renale; Meningita criptococică; Meningita streptococică (grup B); Meningita fungică (ex. Cryptococcus neoformans); Meningita virală (aseptică); URINA (INFECȚII URINARE) SAU CISTITA; Meningita bacteriană acută; Septicemie bacteriană,erythrocutes; bronchi; pia mater encephali; renes; lymph; blood; occipital cerebrum; pulma; cerebrum totalis; dura mater encephali; frontal cerebrum; vesies urinaria; cor
Acinetobacter baumanni,Frecvența alternativă,bacterie,13,"Infecții urinare; CREIER — MENINGITA; Infecții; Meningita bacteriană; Meningita carcinomatoasă; Meningita tuberculoasă; Infecții urinare și renale; Meningita criptococică; Meningita streptococică (grup B); Meningita fungică (ex. Cryptococcus neoformans); Meningita virală (aseptică); Meningita bacteriană acută; Infecții sistemice și sepsis (e.g., bacteriemie, fungemie)",erythrocutes; pia mater encephali; renes; lymph; blood; occipital cerebrum; cerebrum totalis; dura mater encephali; frontal cerebrum; vesies urinaria; cor
Capsule bacteriene,360,357.6,9,Meningita tuberculoasă; CREIER — MENINGITA; Meningita bacteriană; Meningita carcinomatoasă; Meningita criptococică; Meningita streptococică (grup B); Meningita fungică (ex. Cryptococcus neoformans); Meningita virală (aseptică); Meningita bacteriană acută,pia mater encephali; occipital cerebrum; cerebrum totalis; dura mater encephali; frontal cerebrum
Enterococcus faecalis,Necunoscut,bacterie,18,"Infecții urinare; CREIER — MENINGITA; Infecții; Meningita bacteriană; Endocardita bacteriană; Meningita carcinomatoasă; Endocardita bacteriană (streptococi viridans sau enterococi); Endocardita Infecțioasă; Infecții urinare și renale; Meningita tuberculoasă; Meningita criptococică; Meningita streptococică (grup B); Meningita fungică (ex. Cryptococcus neoformans); Meningita virală (aseptică); Endocardita gonococică; Meningita bacteriană acută; URINA (INFECȚII URINARE) SAU CISTITA; Infecții sistemice și sepsis (e.g., bacteriemie, fungemie)",erythrocutes; pia mater encephali; endocardium; renes; myocardium; mitrai valve; occipital cerebrum; blood; cerebrum totalis; lymph; dura mater encephali; frontal cerebrum; vesies urinaria; cor
Klebsiella pneumoniae (pneumonie),"401, 419",404.65,15,Infecții urinare; CREIER — MENINGITA; Meningita bacteriană; Infecții; Meningita carcinomatoasă; Meningita tuberculoasă; Pneumonia; Infecții urinare și renale; Meningita criptococică; Meningita streptococică (grup B); Meningita fungică (ex. Cryptococcus neoformans); Meningita virală (aseptică); URINA (INFECȚII URINARE) SAU CISTITA; Meningita bacteriană acută; Septicemie bacteriană,erythrocutes; bronchi; pia mater encephali; renes; lymph; blood; occipital cerebrum; pulma; cerebrum totalis; dura mater encephali; frontal cerebrum; vesies urinaria; cor
Klebsiella pneumoniae – pneumonie,"401, 419",404.65,15,Infecții urinare; CREIER — MENINGITA; Meningita bacteriană; Infecții; Meningita carcinomatoasă; Meningita tuberculoasă; Pneumonia; Infecții urinare și renale; Meningita criptococică; Meningita streptococică (grup B); Meningita fungică (ex. Cryptococcus neoformans); Meningita virală (aseptică); URINA (INFECȚII URINARE) SAU CISTITA; Meningita bacteriană acută; Septicemie bacteriană,erythrocutes; bronchi; pia mater encephali; renes; lymph; blood; occipital cerebrum; pulma; cerebrum totalis; dura mater encephali; frontal cerebrum; vesies urinaria; cor
Streptococcus viridans,Necunoscut,bacterie,9,Meningita tuberculoasă; CREIER — MENINGITA; Meningita bacteriană; Meningita carcinomatoasă; Meningita criptococică; Meningita streptococică (grup B); Meningita fungică (ex. Cryptococcus neoformans); Meningita virală (aseptică); Meningita bacteriană acută,pia mater encephali; occipital cerebrum; cerebrum totalis; dura mater encephali; frontal cerebrum
Parvo-virus B19,Necunoscut,virus,2,CREIER— HUNTINGTON (boala lui...) sau (COREE a lui ...); GLANDA TIROIDA — BASEDOW (boala a lui...) SAU GUSA EXOFTALMICA,conjunctiva; glandula thyreoidea; occipital cerebrum; cerebrum totalis; crystalline lens; cornea; frontal cerebrum; vitreous body
Trypanosoma equiperdum,"448, 442, 438","434,600",3,CREIER— HUNTINGTON (boala lui...) sau (COREE a lui ...); Hipoxemia severă (Sindromul de detresă respiratorie a adultului - ARDS); GLANDA TIROIDA — BASEDOW (boala a lui...) SAU GUSA EXOFTALMICA,bronchi; conjunctiva; glandula thyreoidea; occipital cerebrum; pulma; cerebrum totalis; crystalline lens; cornea; frontal cerebrum; vitreous body
Cryptococcus neoformans,Necunoscut,ciuperca,3,Pneumonia; Meningita criptococică; Criptococoza,bronchi; pia mater encephali; occipital cerebrum; pulma; cerebrum totalis; dura mater encephali; frontal cerebrum
Madurella grilea,Necunoscut,ciuperca,3,Micetomul; Deficit de zinc și vitamina A; Hipoxemia severă (Sindromul de detresă respiratorie a adultului - ARDS),bronchi; petina et chorioidea; cutis; os; blood; pulma; bones
Borna virus,Necunoscut,virus,3,DEPRESIE; MANIACO-DEPRESIE; Depresie,cerebrum totalis; corpus amygdaloid.; hypophysis
Shigella flexneri depression,Necunoscut,"394,000",3,DEPRESIE; Depresie; Incontinența urinară la femei (asociată cu prolaps pelvin),uterus; cerebrum totalis; hypophysis; vesies urinaria; corpus amygdaloid.
Ancylostoma braziliense (adult),Parazit,"397,600",3,Larva migrans viscerală și oculară; Larva migrans cutanată; DERMATITA,petina et chorioidea; hepar; cutis
Angiostoma braziliens,Parazit,4.646.264,3,Larva migrans viscerală și oculară; Larva migrans cutanată; DERMATITA,petina et chorioidea; hepar; cutis
Gyrodactylus,Parazit,"378,750",1,DERMATITA,cutis
Acarian,Necunoscut,-,1,DERMATITA,cutis
Ancylostoma brazilensis,Necunoscut,parazit,3,Larva migrans viscerală și oculară; Larva migrans cutanată; DERMATITA,petina et chorioidea; hepar; cutis
Baraben mix (Paraben mix),Cancerogen,-,1,DERMATITA,cutis
Necator americanus (larve infectante),Necunoscut,-,1,DERMATITA,cutis
Dipetaloxcema persians,Necunoscut,parazit,4,EDEM; Dermatita schistosomică (pruritul înotătorului); Edem; Prurit,erythrocutes; cutis; renes; blood; cor
Mobiluncus vaginale uretral,Necunoscut,bacterie,10,"Miozita cu Corpi de Incluziune; MIROS; Intoxicație cu monoxid de carbon; Intoxicația cu gaz de ardere (fum sau gaz toxic); Pneumonia cu pulberi organice (exemplu: sporii de ciuperci); Dermatitis de Contact cu Iritant; Intoxicație cu inhibitori de monoaminooxidază (IMAO); Intoxicația cu dioxid de azot; Infecții cu Bartonella (Boala Zgârieturii de Pisică, Febra Oroya, Veruca Peruană, Angiomatoza Bacilară); Diabetul zaharat de tip II cu depuneri amiloidice",erythrocutes; bronchi; muscle; cutis; renes; lymph; blood; bulbus olfactorius; pulma; cerebrum totalis; mucosa nasalis; pancreas; cor
Sorghum syrup,Fungi,"277,000",10,"Miozita cu Corpi de Incluziune; Intoxicație cu monoxid de carbon; Intoxicația cu gaz de ardere (fum sau gaz toxic); Pneumonia cu pulberi organice (exemplu: sporii de ciuperci); Fusarioza; Dermatitis de Contact cu Iritant; Intoxicație cu inhibitori de monoaminooxidază (IMAO); Intoxicația cu dioxid de azot; Infecții cu Bartonella (Boala Zgârieturii de Pisică, Febra Oroya, Veruca Peruană, Angiomatoza Bacilară); Diabetul zaharat de tip II cu depuneri amiloidice",erythrocutes; bronchi; muscle; cutis; renes; lymph; blood; pulma; cerebrum totalis; pancreas; cor; Sistemic
Trichinella spiralis (muscle),Parazit,"403,850",12,Polimiozita Infecțioasă; Edem; Miozita cu Corpi de Incluziune; Polimiozita; Trichineloza; Miocardita; DIAREE; ENCEFALITA; Dermatomiozita și Polimiozita; Fasceita cu Eozinofile; EDEM; MUȘCHI — MIOZITA,erythrocutes; muscle; cutis; renes; myocardium; blood; tumica mucosa coli; colon; cerebrum totalis; occipital cerebrum; pulma; frontal cerebrum; cor
Eurytrema pancreaticum,Parazit,"420,350",12,Diabet zaharat de tip 2; Diabet zaharat (tip 1 și tip 2); Diabet zaharat; Diabet zaharat de tip 2 (DZNID); Pancreatita cronică; Icter obstructiv (extrahepatic sau intrahepatic); Icter; Diabet zaharat tip 2; Diabet zaharat tip I; ICTER (GALBINAREA); DIABET; Diabet zaharat de tip 1 (DZID),erythrocutes; bilirubin; renes; cauda pancreat.; blood; pancreas; hepar
Eurytrema pancreaticum stadii,Necunoscut,-,12,Diabet zaharat de tip 2; Diabet zaharat (tip 1 și tip 2); Diabet zaharat; Diabet zaharat de tip 2 (DZNID); Pancreatita cronică; Icter obstructiv (extrahepatic sau intrahepatic); Icter; Diabet zaharat tip 2; Diabet zaharat tip I; ICTER (GALBINAREA); DIABET; Diabet zaharat de tip 1 (DZID),erythrocutes; bilirubin; renes; cauda pancreat.; blood; pancreas; hepar
Eurytrema pancreaticum stagii,Necunoscut,-,12,Diabet zaharat de tip 2; Diabet zaharat (tip 1 și tip 2); Diabet zaharat; Diabet zaharat de tip 2 (DZNID); Pancreatita cronică; Icter obstructiv (extrahepatic sau intrahepatic); Icter; Diabet zaharat tip 2; Diabet zaharat tip I; ICTER (GALBINAREA); DIABET; Diabet zaharat de tip 1 (DZID),erythrocutes; bilirubin; renes; cauda pancreat.; blood; pancreas; hepar
Coxsackie B4,Necunoscut,"361,450",19,Pancreatita acută și cronică; Diabet zaharat (tip 1 și tip 2); Diabet zaharat de tip 2 (DZNID); Diabet zaharat tip 2; Pancreatita ereditară; Diabet zaharat de tip 2; Pancreatita biliară; Diabetul zaharat tip 1 și 2; Diabetul zaharat tip 1; Miocardita; Diabet zaharat de tip 1 (DZID); Diabetul zaharat de tip II cu depuneri amiloidice; Diabetul zaharat tip 2; Diabet zaharat; Pancreatita indusă de alcool; Pancreatita cronică; Diabet zaharat tip I; Neurofibromatoza de tip 1; DIABET,erythrocutes; ductus choledochus; medulla spinalis; cutis; renes; cauda pancreat.; vesica fellea; myocardium; blood; cerebrum totalis; pancreas; ductuli biliferi; cor
Tip Neg,Frecv. ucidere (khz),Frecv. Mare (kHz),6,Diabet zaharat de tip 2; Diabet zaharat de tip 2 (DZNID); Infecții provocate de Haemophilus influenzae tip b (Hib); Neurofibromatoza de tip 1; Diabet zaharat de tip 1 (DZID); Diabetul zaharat de tip II cu depuneri amiloidice,erythrocutes; medulla spinalis; cutis; membrana synovalis; renes; blood; pulma; cerebrum totalis; pancreas; dura mater encephali; cor
Norovirus (gripa stomacului),Virus,"5.905.452,03",4,ENTERITA; GASTROENTERITA; DIAREE; VĂRSĂTURI,duodenum; cardia; pylorus; tumica mucosa coli; colon; cerebrum totalis; ileum; nervus vagus; ventriculus; jejunum
Fasciolopsis buskii adult (are Myc),Parazit,"427,700",3,EDEM; DIAREE; Edem,erythrocutes; renes; blood; tumica mucosa coli; colon; cor
Hasstile sig. tricolor (adult),Parazit,"448,050",2,ENTERITA; DIAREE,duodenum; tumica mucosa coli; colon; ileum; jejunum
Fasciolopsis buski dezvoltat,425,427.5,3,EDEM; DIAREE; Edem,erythrocutes; renes; blood; tumica mucosa coli; colon; cor
Fasciolopsis buskii adult,434,435.1,3,EDEM; DIAREE; Edem,erythrocutes; renes; blood; tumica mucosa coli; colon; cor
Rotavirus,Virus,"5.592.267,06",4,ENTERITA; INCONTINENTA LA COPII; GASTROENTERITA; DIAREE,duodenum; cardia; pylorus; medulla spinalis; tumica mucosa coli; colon; ileum; ventriculus; vesies urinaria; jejunum
Bacillus cereus,Bacterie,"373,650",6,Infecții; Intoxicația cu gaz de ardere (fum sau gaz toxic); DIAREE; VĂRSĂTURI; Infecții oculare cu HSV; Infecții Herpetice Oculare,erythrocutes; lymph; blood; tumica mucosa coli; colon; conjunctiva; crystalline lens; pulma; cerebrum totalis; cornea; nervus vagus; ventriculus; vitreous body
Troglodytella abrassari,Bacterie,"377,750",2,ENTERITA; DIAREE,duodenum; tumica mucosa coli; colon; ileum; jejunum
Chilomastix cysts,Parazit,"388,950",1,DIAREE,tumica mucosa coli; colon
Chilomastix cysts (rat) (2nd range),Necunoscut,"425,200",1,DIAREE,tumica mucosa coli; colon
Chilomastix mesnili (trofozoite),Necunoscut,-,1,DIAREE,tumica mucosa coli; colon
Cryptocotyle lingua (adult),Parazit,"409,950",14,"Diareea osmotică; Diareea cronică; Diareea secretorie; DIAREEA CALATORULUI; LEZIUNI; Diareea artificială (abuz de laxative, autoindusă); ENTERITA; Diaree, Constipație și Malabsorbție; Diareea datorată medicației (AINS, laxative, antibiotice); DIAREE; Diareea acută; Diareea inflamatorie; INTESTINE — DIAREE; Diareea indusă de malabsorbția acizilor biliari (colecistectomie, boli ileale)",duodenum; ductus choledochus; muscle; cutis; os; vesica fellea; tumica mucosa coli; colon; ileum; bones; ductuli biliferi; jejunum
Echinoparyphium recurvatum,Parazit,"418,550",13,"Diareea osmotică; Diareea cronică; Diareea secretorie; DIAREEA CALATORULUI; Diareea artificială (abuz de laxative, autoindusă); ENTERITA; Diaree, Constipație și Malabsorbție; Diareea datorată medicației (AINS, laxative, antibiotice); DIAREE; Diareea acută; Diareea inflamatorie; INTESTINE — DIAREE; Diareea indusă de malabsorbția acizilor biliari (colecistectomie, boli ileale)",duodenum; ductus choledochus; vesica fellea; tumica mucosa coli; colon; ileum; ductuli biliferi; jejunum
Hypodereum conoideum,Parazit,"424,450",13,"Diareea osmotică; Diareea cronică; Diareea secretorie; DIAREEA CALATORULUI; Diareea artificială (abuz de laxative, autoindusă); ENTERITA; Diaree, Constipație și Malabsorbție; Diareea datorată medicației (AINS, laxative, antibiotice); DIAREE; Diareea acută; Diareea inflamatorie; INTESTINE — DIAREE; Diareea indusă de malabsorbția acizilor biliari (colecistectomie, boli ileale)",duodenum; ductus choledochus; vesica fellea; tumica mucosa coli; colon; ileum; ductuli biliferi; jejunum
Cryptocotyle lingua,Necunoscut,parazit,14,"Diareea osmotică; Diareea cronică; Diareea secretorie; DIAREEA CALATORULUI; LEZIUNI; Diareea artificială (abuz de laxative, autoindusă); ENTERITA; Diaree, Constipație și Malabsorbție; Diareea datorată medicației (AINS, laxative, antibiotice); DIAREE; Diareea acută; Diareea inflamatorie; INTESTINE — DIAREE; Diareea indusă de malabsorbția acizilor biliari (colecistectomie, boli ileale)",duodenum; ductus choledochus; muscle; cutis; os; vesica fellea; tumica mucosa coli; colon; ileum; bones; ductuli biliferi; jejunum
Cryptocotyle lingua (dezvoltat),Necunoscut,-,14,"Diareea osmotică; Diareea cronică; Diareea secretorie; DIAREEA CALATORULUI; LEZIUNI; Diareea artificială (abuz de laxative, autoindusă); ENTERITA; Diaree, Constipație și Malabsorbție; Diareea datorată medicației (AINS, laxative, antibiotice); DIAREE; Diareea acută; Diareea inflamatorie; INTESTINE — DIAREE; Diareea indusă de malabsorbția acizilor biliari (colecistectomie, boli ileale)",duodenum; ductus choledochus; muscle; cutis; os; vesica fellea; tumica mucosa coli; colon; ileum; bones; ductuli biliferi; jejunum
Deossimi vsenoso RE (Deoxinivalenol),Necunoscut,micotoxina,12,"Diareea osmotică; Diareea cronică; Diareea secretorie; DIAREEA CALATORULUI; Diareea artificială (abuz de laxative, autoindusă); Diaree, Constipație și Malabsorbție; Diareea datorată medicației (AINS, laxative, antibiotice); DIAREE; Diareea acută; Diareea inflamatorie; INTESTINE — DIAREE; Diareea indusă de malabsorbția acizilor biliari (colecistectomie, boli ileale)",duodenum; ductus choledochus; vesica fellea; tumica mucosa coli; colon; ileum; ductuli biliferi; jejunum
Echinoporyphium recurvatum,421,423.9,13,"Diareea osmotică; Diareea cronică; Diareea secretorie; DIAREEA CALATORULUI; Diareea artificială (abuz de laxative, autoindusă); ENTERITA; Diaree, Constipație și Malabsorbție; Diareea datorată medicației (AINS, laxative, antibiotice); DIAREE; Diareea acută; Diareea inflamatorie; INTESTINE — DIAREE; Diareea indusă de malabsorbția acizilor biliari (colecistectomie, boli ileale)",duodenum; ductus choledochus; vesica fellea; tumica mucosa coli; colon; ileum; ductuli biliferi; jejunum
Heterophyes heterophyes,Necunoscut,-,14,"Diareea osmotică; Diareea cronică; Diareea secretorie; DIAREEA CALATORULUI; LEZIUNI; Diareea artificială (abuz de laxative, autoindusă); ENTERITA; Diaree, Constipație și Malabsorbție; Diareea datorată medicației (AINS, laxative, antibiotice); DIAREE; Diareea acută; Diareea inflamatorie; INTESTINE — DIAREE; Diareea indusă de malabsorbția acizilor biliari (colecistectomie, boli ileale)",duodenum; ductus choledochus; muscle; cutis; os; vesica fellea; tumica mucosa coli; colon; ileum; bones; ductuli biliferi; jejunum
Dientamoeba fragilis,Parazit,"400,200",1,DIAREE,tumica mucosa coli; colon
Endolimax nana trophosoites and cysts,Parazit,"394,250",1,DIAREE,tumica mucosa coli; colon
Endolimax nana trofozoite si chisturi,"396, 432",397.1,1,DIAREE,tumica mucosa coli; colon
Entamoeba coli trophozoites,Parazit,"397,000",1,DIAREE,tumica mucosa coli; colon
Giardia lamblia (trophozoites),Parazit,"421,400",5,"FLATULENTA; Diaree, Constipație și Malabsorbție; Malabsorbție (Boala celiacă, insuficiență pancreatică, boala Whipple); DIAREE; MALABSORBȚIE INTESTINALĂ",duodenum; cauda pancreat.; tumica mucosa coli; colon; ileum; pancreas; ventriculus; jejunum
Iodamoeba butschlii,Parazit,"398,150",1,DIAREE,tumica mucosa coli; colon
Iodamoeba butschlii trofozoite si chisturi,"445, 402",448.5,1,DIAREE,tumica mucosa coli; colon
Iodamoeba butschlii trophozoides și chist,"445, 402",448.5,1,DIAREE,tumica mucosa coli; colon
Iodamoeba butschlii trophozoltes,Necunoscut,"437,850",1,DIAREE,tumica mucosa coli; colon
Strongyloides (filariform larva),Parazit,"398,400",6,Sindromul de hipersensibilitate la medicamente (DRESS); Strongiloidoza; FATA; Sindromul de feminizare testiculară (Insensibilitate completă la androgeni); Sindromul Gilles de la Tourette; DIAREE,nervus facialis; cutis; os; testes; tumica mucosa coli; colon; blood; cerebrum totalis; ileum; pulma; hypophysis; bones; hepar; corpus amygdaloid.
Blastocystis hominis,Necunoscut,parazit,2,DIAREE; FLATULENTA,ventriculus; tumica mucosa coli; colon
Chilomastix chisturi (sobolan),"389, 426",390.7,1,DIAREE,tumica mucosa coli; colon
Clostridium difficile,Necunoscut,"382,800",1,DIAREE,tumica mucosa coli; colon
Cryptococyle lingua,Necunoscut,parazit,2,ENTERITA; DIAREE,duodenum; tumica mucosa coli; colon; ileum; jejunum
Cryptosporidium,Necunoscut,parazit,2,ENTERITA; DIAREE,duodenum; tumica mucosa coli; colon; ileum; jejunum
Eimeria tenella,Necunoscut,-,2,ENTERITA; DIAREE,duodenum; tumica mucosa coli; colon; ileum; jejunum
Entamoeba coli trofozoite,398,400.35,1,DIAREE,tumica mucosa coli; colon
Hasstile sig. tricolor (dezvoltat),453,455.1,2,ENTERITA; DIAREE,duodenum; tumica mucosa coli; colon; ileum; jejunum
Progenitor criptocides,Necunoscut,altele,1,DIAREE,tumica mucosa coli; colon
Salmonella enteriditis (infectie intestinala),329,329,4,ENTERITA; GASTROENTERITA; DIAREE; GREATA SI VARSATURI,duodenum; cardia; pylorus; tumica mucosa coli; colon; ileum; ventriculus; jejunum; Sistemic
Shigella sonnei,Necunoscut,"318,000",4,ENTERITA; DIZENTERIE; GASTROENTERITA; DIAREE,duodenum; cardia; pylorus; tumica mucosa coli; colon; ileum; ventriculus; jejunum
Strongyloides (larva filariforme),400,402.0,6,Sindromul de hipersensibilitate la medicamente (DRESS); Strongiloidoza; FATA; Sindromul de feminizare testiculară (Insensibilitate completă la androgeni); Sindromul Gilles de la Tourette; DIAREE,nervus facialis; cutis; os; testes; tumica mucosa coli; colon; blood; cerebrum totalis; ileum; pulma; hypophysis; bones; hepar; corpus amygdaloid.
Strongyloides femele parazitare,Necunoscut,-,3,Strongiloidoza; DIAREE; DUODEN,duodenum; blood; tumica mucosa coli; colon; pulma; ileum; jejunum
Vibrio cholerae (Holera),Bacterie,4.891.491,5,Sindromul de apnee în somn; Sindrom de apnee în somn; DIAREE; HOLERA; Holera,erythrocutes; bronchi; blood; tumica mucosa coli; colon; pulma; pharynx; cor
Corynebacterium diphtheriae,Bacterie,"340,000",2,Miocardita; Difteria,medulla spinalis; myocardium; larynx; pharynx; cor
Corynebacterium diphtheriae (dinte),342,344,2,Miocardita; Difteria,medulla spinalis; myocardium; larynx; pharynx; cor
Corynebacterium diphtheriae (dinte) – difterie,342,344,2,Miocardita; Difteria,medulla spinalis; myocardium; larynx; pharynx; cor
Diplococcus diphtheriae,Bacterie,"357,950",2,Miocardita; Difteria,medulla spinalis; myocardium; larynx; pharynx; cor
Fasciola hepatica,Parazit,"421,350",20,"Hepatita D; Perihepatita gonococică (Sindromul Fitz-Hugh-Curtis); Hepatita cronică; Hepatita B; Hepatita HSV; Hipoxemia severă (Sindromul de detresă respiratorie a adultului - ARDS); FICAT — HEPATITA; Hepatita autoimună; Steatoza hepatică și hepatita steatozică; DINTI - MASEA DE MINTE INCLUSA; Hepatita C; Infecții virale (ex. Hepatita B, C); Hepatita toxică și indusă de medicamente; Hepatita acută virală; Hepatita E; HEPATITA; Hepatita alcoolică; Hepatita acută fulminantă; Hepatita cronică virală; Hepatita G",bronchi; hepar; teeth; pulma
Fasciola hepatica cercaria,425,427.3,20,"Hepatita D; Perihepatita gonococică (Sindromul Fitz-Hugh-Curtis); Hepatita cronică; Hepatita B; Hepatita HSV; Hipoxemia severă (Sindromul de detresă respiratorie a adultului - ARDS); FICAT — HEPATITA; Hepatita autoimună; Steatoza hepatică și hepatita steatozică; DINTI - MASEA DE MINTE INCLUSA; Hepatita C; Infecții virale (ex. Hepatita B, C); Hepatita toxică și indusă de medicamente; Hepatita acută virală; Hepatita E; HEPATITA; Hepatita alcoolică; Hepatita acută fulminantă; Hepatita cronică virală; Hepatita G",bronchi; hepar; teeth; pulma
Fasciola hepatica cercariae,Necunoscut,"423,800",20,"Hepatita D; Perihepatita gonococică (Sindromul Fitz-Hugh-Curtis); Hepatita cronică; Hepatita B; Hepatita HSV; Hipoxemia severă (Sindromul de detresă respiratorie a adultului - ARDS); FICAT — HEPATITA; Hepatita autoimună; Steatoza hepatică și hepatita steatozică; DINTI - MASEA DE MINTE INCLUSA; Hepatita C; Infecții virale (ex. Hepatita B, C); Hepatita toxică și indusă de medicamente; Hepatita acută virală; Hepatita E; HEPATITA; Hepatita alcoolică; Hepatita acută fulminantă; Hepatita cronică virală; Hepatita G",bronchi; hepar; teeth; pulma
Fasciola hepatica cercarii,427,430.6,20,"Hepatita D; Perihepatita gonococică (Sindromul Fitz-Hugh-Curtis); Hepatita cronică; Hepatita B; Hepatita HSV; Hipoxemia severă (Sindromul de detresă respiratorie a adultului - ARDS); FICAT — HEPATITA; Hepatita autoimună; Steatoza hepatică și hepatita steatozică; DINTI - MASEA DE MINTE INCLUSA; Hepatita C; Infecții virale (ex. Hepatita B, C); Hepatita toxică și indusă de medicamente; Hepatita acută virală; Hepatita E; HEPATITA; Hepatita alcoolică; Hepatita acută fulminantă; Hepatita cronică virală; Hepatita G",bronchi; hepar; teeth; pulma
Fasciola hepatica metacercaria,425,427.6,20,"Hepatita D; Perihepatita gonococică (Sindromul Fitz-Hugh-Curtis); Hepatita cronică; Hepatita B; Hepatita HSV; Hipoxemia severă (Sindromul de detresă respiratorie a adultului - ARDS); FICAT — HEPATITA; Hepatita autoimună; Steatoza hepatică și hepatita steatozică; DINTI - MASEA DE MINTE INCLUSA; Hepatita C; Infecții virale (ex. Hepatita B, C); Hepatita toxică și indusă de medicamente; Hepatita acută virală; Hepatita E; HEPATITA; Hepatita alcoolică; Hepatita acută fulminantă; Hepatita cronică virală; Hepatita G",bronchi; hepar; teeth; pulma
Fasciola hepatica metacercarii,Necunoscut,-,20,"Hepatita D; Perihepatita gonococică (Sindromul Fitz-Hugh-Curtis); Hepatita cronică; Hepatita B; Hepatita HSV; Hipoxemia severă (Sindromul de detresă respiratorie a adultului - ARDS); FICAT — HEPATITA; Hepatita autoimună; Steatoza hepatică și hepatita steatozică; DINTI - MASEA DE MINTE INCLUSA; Hepatita C; Infecții virale (ex. Hepatita B, C); Hepatita toxică și indusă de medicamente; Hepatita acută virală; Hepatita E; HEPATITA; Hepatita alcoolică; Hepatita acută fulminantă; Hepatita cronică virală; Hepatita G",bronchi; hepar; teeth; pulma
Fasciola hepatica miracidia,Necunoscut,"421,750",20,"Hepatita D; Perihepatita gonococică (Sindromul Fitz-Hugh-Curtis); Hepatita cronică; Hepatita B; Hepatita HSV; Hipoxemia severă (Sindromul de detresă respiratorie a adultului - ARDS); FICAT — HEPATITA; Hepatita autoimună; Steatoza hepatică și hepatita steatozică; DINTI - MASEA DE MINTE INCLUSA; Hepatita C; Infecții virale (ex. Hepatita B, C); Hepatita toxică și indusă de medicamente; Hepatita acută virală; Hepatita E; HEPATITA; Hepatita alcoolică; Hepatita acută fulminantă; Hepatita cronică virală; Hepatita G",bronchi; hepar; teeth; pulma
Fasciola hepatica miracidii,423,424.7,20,"Hepatita D; Perihepatita gonococică (Sindromul Fitz-Hugh-Curtis); Hepatita cronică; Hepatita B; Hepatita HSV; Hipoxemia severă (Sindromul de detresă respiratorie a adultului - ARDS); FICAT — HEPATITA; Hepatita autoimună; Steatoza hepatică și hepatita steatozică; DINTI - MASEA DE MINTE INCLUSA; Hepatita C; Infecții virale (ex. Hepatita B, C); Hepatita toxică și indusă de medicamente; Hepatita acută virală; Hepatita E; HEPATITA; Hepatita alcoolică; Hepatita acută fulminantă; Hepatita cronică virală; Hepatita G",bronchi; hepar; teeth; pulma
Fasciola hepatica oua,425,427.6,20,"Hepatita D; Perihepatita gonococică (Sindromul Fitz-Hugh-Curtis); Hepatita cronică; Hepatita B; Hepatita HSV; Hipoxemia severă (Sindromul de detresă respiratorie a adultului - ARDS); FICAT — HEPATITA; Hepatita autoimună; Steatoza hepatică și hepatita steatozică; DINTI - MASEA DE MINTE INCLUSA; Hepatita C; Infecții virale (ex. Hepatita B, C); Hepatita toxică și indusă de medicamente; Hepatita acută virală; Hepatita E; HEPATITA; Hepatita alcoolică; Hepatita acută fulminantă; Hepatita cronică virală; Hepatita G",bronchi; hepar; teeth; pulma
Fasciola hepatica redia,423,424.7,20,"Hepatita D; Perihepatita gonococică (Sindromul Fitz-Hugh-Curtis); Hepatita cronică; Hepatita B; Hepatita HSV; Hipoxemia severă (Sindromul de detresă respiratorie a adultului - ARDS); FICAT — HEPATITA; Hepatita autoimună; Steatoza hepatică și hepatita steatozică; DINTI - MASEA DE MINTE INCLUSA; Hepatita C; Infecții virale (ex. Hepatita B, C); Hepatita toxică și indusă de medicamente; Hepatita acută virală; Hepatita E; HEPATITA; Hepatita alcoolică; Hepatita acută fulminantă; Hepatita cronică virală; Hepatita G",bronchi; hepar; teeth; pulma
Fasciola hepatica rediae,Necunoscut,"420,600",20,"Hepatita D; Perihepatita gonococică (Sindromul Fitz-Hugh-Curtis); Hepatita cronică; Hepatita B; Hepatita HSV; Hipoxemia severă (Sindromul de detresă respiratorie a adultului - ARDS); FICAT — HEPATITA; Hepatita autoimună; Steatoza hepatică și hepatita steatozică; DINTI - MASEA DE MINTE INCLUSA; Hepatita C; Infecții virale (ex. Hepatita B, C); Hepatita toxică și indusă de medicamente; Hepatita acută virală; Hepatita E; HEPATITA; Hepatita alcoolică; Hepatita acută fulminantă; Hepatita cronică virală; Hepatita G",bronchi; hepar; teeth; pulma
Fasciola hepatica redii,425,427.5,20,"Hepatita D; Perihepatita gonococică (Sindromul Fitz-Hugh-Curtis); Hepatita cronică; Hepatita B; Hepatita HSV; Hipoxemia severă (Sindromul de detresă respiratorie a adultului - ARDS); FICAT — HEPATITA; Hepatita autoimună; Steatoza hepatică și hepatita steatozică; DINTI - MASEA DE MINTE INCLUSA; Hepatita C; Infecții virale (ex. Hepatita B, C); Hepatita toxică și indusă de medicamente; Hepatita acută virală; Hepatita E; HEPATITA; Hepatita alcoolică; Hepatita acută fulminantă; Hepatita cronică virală; Hepatita G",bronchi; hepar; teeth; pulma
Fasciola hepatica – ovul,427,430.6,20,"Hepatita D; Perihepatita gonococică (Sindromul Fitz-Hugh-Curtis); Hepatita cronică; Hepatita B; Hepatita HSV; Hipoxemia severă (Sindromul de detresă respiratorie a adultului - ARDS); FICAT — HEPATITA; Hepatita autoimună; Steatoza hepatică și hepatita steatozică; DINTI - MASEA DE MINTE INCLUSA; Hepatita C; Infecții virale (ex. Hepatita B, C); Hepatita toxică și indusă de medicamente; Hepatita acută virală; Hepatita E; HEPATITA; Hepatita alcoolică; Hepatita acută fulminantă; Hepatita cronică virală; Hepatita G",bronchi; hepar; teeth; pulma
Altenuen,☠️ Toxină,6.464.268,2,DINTI - MASEA DE MINTE INCLUSA; Hipoxemia severă (Sindromul de detresă respiratorie a adultului - ARDS),bronchi; teeth; pulma
Ascaris oua,Necunoscut,405.6,4,DINTI - MASEA DE MINTE INCLUSA; Sindromul de apnee în somn; Hipoxemia severă (Sindromul de detresă respiratorie a adultului - ARDS); Sindrom de apnee în somn,bronchi; pulma; pharynx; teeth; cor
Dracunculus medinensis,Necunoscut,parazit,2,DINTI - MASEA DE MINTE INCLUSA; Hipoxemia severă (Sindromul de detresă respiratorie a adultului - ARDS),bronchi; teeth; pulma
Glicose nanovac polietilenico,Necunoscut,-,2,DINTI - MASEA DE MINTE INCLUSA; Hipoxemia severă (Sindromul de detresă respiratorie a adultului - ARDS),bronchi; teeth; pulma
Leishmania tropica,405,"402,100",3,DINTI - MASEA DE MINTE INCLUSA; GAT - NOD IN GAT; Hipoxemia severă (Sindromul de detresă respiratorie a adultului - ARDS),bronchi; pulma; larynx; pharynx; teeth
Neg BS,Negi,"402,000",2,DINTI - MASEA DE MINTE INCLUSA; Hipoxemia severă (Sindromul de detresă respiratorie a adultului - ARDS),bronchi; teeth; pulma
Neg CC,430,432.35,2,DINTI - MASEA DE MINTE INCLUSA; Hipoxemia severă (Sindromul de detresă respiratorie a adultului - ARDS),bronchi; teeth; pulma
Neg FR,462,464.75,2,DINTI - MASEA DE MINTE INCLUSA; Hipoxemia severă (Sindromul de detresă respiratorie a adultului - ARDS),bronchi; teeth; pulma
Neg HA,"442, 437",444.1,3,DINTI - MASEA DE MINTE INCLUSA; VERUCI PLANTARE; Hipoxemia severă (Sindromul de detresă respiratorie a adultului - ARDS),bronchi; cutis; teeth; pulma
Neg HRCm,"446, 441",448.55,2,DINTI - MASEA DE MINTE INCLUSA; Hipoxemia severă (Sindromul de detresă respiratorie a adultului - ARDS),bronchi; teeth; pulma
Neg JB,420,422.4,2,DINTI - MASEA DE MINTE INCLUSA; Hipoxemia severă (Sindromul de detresă respiratorie a adultului - ARDS),bronchi; teeth; pulma
Neg L arm,344,345.95,3,"DINTI - MASEA DE MINTE INCLUSA; Hipoxemia severă (Sindromul de detresă respiratorie a adultului - ARDS); MICOZĂ (... pe pielea capului, fire de păr și unghii)",bronchi; cutis; teeth; pulma
Self respect / Self autoestime,Frecvență grabovoi,altele,2,DINTI - MASEA DE MINTE INCLUSA; Hipoxemia severă (Sindromul de detresă respiratorie a adultului - ARDS),bronchi; teeth; pulma
Sirop de sorg,Necunoscut,-,8,Hepatotoxicitatea halotanului; Hepatotoxicitatea fenitoinului; Hepatotoxicitatea acetaminofenului; Hepatotoxicitatea contraceptivelor orale; Hipoxemia severă (Sindromul de detresă respiratorie a adultului - ARDS); Hepatotoxicitatea izoniazidei; DINTI - MASEA DE MINTE INCLUSA; Hepatotoxicitatea valproatului sodic,bronchi; hepar; teeth; pulma
Spori Central – unguent de bacili,376,378.65,2,DINTI - MASEA DE MINTE INCLUSA; Hipoxemia severă (Sindromul de detresă respiratorie a adultului - ARDS),bronchi; teeth; pulma
Sterigmatocystin,Fungi,"88,000",2,DINTI - MASEA DE MINTE INCLUSA; Hipoxemia severă (Sindromul de detresă respiratorie a adultului - ARDS),bronchi; teeth; pulma
Taenia solium – ovule,Necunoscut,448.9,3,DINTI - MASEA DE MINTE INCLUSA; TENIA; Hipoxemia severă (Sindromul de detresă respiratorie a adultului - ARDS),bronchi; colon; pulma; ileum; teeth
Terminal spores bacillus – unguent,Necunoscut,-,3,DINTI - MASEA DE MINTE INCLUSA; TETANOS; Hipoxemia severă (Sindromul de detresă respiratorie a adultului - ARDS),bronchi; medulla spinalis; muscle; nervus trigeminus; pulma; teeth
Toxocara (ovul),Necunoscut,-,2,DINTI - MASEA DE MINTE INCLUSA; Hipoxemia severă (Sindromul de detresă respiratorie a adultului - ARDS),bronchi; teeth; pulma
Shigella sonnei (invadeaza tumori),318,318,2,INTESTINE — DIZENTERIE; DIZENTERIE,tumica mucosa coli; colon
Osigella,Necunoscut,bacterie,1,DIZENTERIE,tumica mucosa coli; colon
Shigella sonnei – invadează tumori,391,318,1,DIZENTERIE,tumica mucosa coli; colon
Serratia marcescens,Bacterie,"349,450",6,Infecții urinare; Infecții; Infecții urinare și renale; DROGURI; Keratita cu Acanthamoeba; URINA (INFECȚII URINARE) SAU CISTITA,erythrocutes; renes; vesies urinaria; lymph; blood; conjunctiva; cerebrum totalis; crystalline lens; cornea; hepar; vitreous body; cor
Brugia malayi,Parazit,"140,000",6,Edem; Erizipel; Filarioza limfatică; Limfedem; EDEM; Filarioza Limfatică,erythrocutes; cutis; renes; lymph; blood; cor
Dipetalonema perstans,Parazit,"413,000",4,Fasceita cu Eozinofile; EDEM; Edem; Prurit,erythrocutes; muscle; cutis; renes; blood; cor
Dipetalonema perstans (microfilaria sange),"413, 415, 417",416.6,4,Fasceita cu Eozinofile; EDEM; Edem; Prurit,erythrocutes; muscle; cutis; renes; blood; cor
Dipetalonema perstans – sânge uman microfilaria,Necunoscut,-,4,Fasceita cu Eozinofile; EDEM; Edem; Prurit,erythrocutes; muscle; cutis; renes; blood; cor
Loa loa,Parazit,"360,551",3,Fasceita cu Eozinofile; EDEM; Edem,erythrocutes; muscle; cutis; renes; blood; cor
Trichinella spiralis (muschi),404.5,405.57,6,Edem; Miocardita; ENCEFALITA; Trichineloza; EDEM; Sindromul Eozinofilie-Mialgie,erythrocutes; muscle; renes; granulocytes; myocardium; blood; occipital cerebrum; pulma; cerebrum totalis; frontal cerebrum; cor
Anaplasma phagocytophilum,Bacterie,6.848.564,4,Ehrlichioza Granulocitară Umană (EGU); Leucocitoză și leucopenie; LEUCOPENIE; Ehrlichioza Monocitară Umană (EMU),erythrocutes; granulocytes; blood; bone marrow; hepar
Erlichia equi,Bacterie,"210,000",4,Ehrlichioza Granulocitară Umană (EGU); Leucocitoză și leucopenie; LEUCOPENIE; Ehrlichioza Monocitară Umană (EMU),erythrocutes; granulocytes; blood; bone marrow; hepar
Ehrlichia ewingii,Necunoscut,bacterie,20,"Hepatita D; Perihepatita gonococică (Sindromul Fitz-Hugh-Curtis); Hepatita cronică; Hepatita B; Hepatita HSV; FICAT — HEPATITA; Ehrlichioza Granulocitară Umană (EGU); Hepatita autoimună; Steatoza hepatică și hepatita steatozică; Hepatita C; Ehrlichioza Monocitară Umană (EMU); Infecții virale (ex. Hepatita B, C); Hepatita toxică și indusă de medicamente; Hepatita acută virală; Hepatita E; HEPATITA; Hepatita alcoolică; Hepatita acută fulminantă; Hepatita cronică virală; Hepatita G",erythrocutes; hepar; blood; granulocytes
Cytomegalovirus,Virus,"408,350",5,Pneumonia; MONONUCLEOZA; ENCEFALITA; Hepatita C; HEPATITA,bronchi; lymph; occipital cerebrum; pulma; cerebrum totalis; pharynx; frontal cerebrum; hepar; lien
Cytomegalovirus (CMV) antigen,409,410.75,5,Pneumonia; MONONUCLEOZA; ENCEFALITA; Hepatita C; HEPATITA,bronchi; lymph; occipital cerebrum; pulma; cerebrum totalis; pharynx; frontal cerebrum; hepar; lien
Cytomegalovirus (congenital),Necunoscut,"9.242.959,43",5,Pneumonia; MONONUCLEOZA; ENCEFALITA; Hepatita C; HEPATITA,bronchi; lymph; occipital cerebrum; pulma; cerebrum totalis; pharynx; frontal cerebrum; hepar; lien
Herpes simplex,Virus,"7.627.853,64",6,Herpes simplex genital; HERPES GENITAL SAU HERPES VAGINAL; ENCEFALITA; Esofagita; Keratita cu Acanthamoeba; ESOFAG,vagina; cutis; conjunctiva; occipital cerebrum; cerebrum totalis; crystalline lens; esophagus; cornea; frontal cerebrum; vitreous body
Herpes simplex 1,"292, 345.5","291,250",1,ENCEFALITA,cerebrum totalis; frontal cerebrum; occipital cerebrum
Herpes simplex 2 (frotiu proaspat),"360, 355",362.9,6,Herpes simplex genital; HERPES GENITAL SAU HERPES VAGINAL; ENCEFALITA; Esofagita; Keratita cu Acanthamoeba; ESOFAG,vagina; cutis; conjunctiva; occipital cerebrum; cerebrum totalis; crystalline lens; esophagus; cornea; frontal cerebrum; vitreous body
Herpes simplex 2 – unguent proaspăt,"360, 355",362.9,6,Herpes simplex genital; HERPES GENITAL SAU HERPES VAGINAL; ENCEFALITA; Esofagita; Keratita cu Acanthamoeba; ESOFAG,vagina; cutis; conjunctiva; occipital cerebrum; cerebrum totalis; crystalline lens; esophagus; cornea; frontal cerebrum; vitreous body
Influenza,Virus,"9.839.909,25",4,GRIPA; Miocardita; Pneumonia; ENCEFALITA,bronchi; trachea; myocardium; occipital cerebrum; pulma; cerebrum totalis; mucosa nasalis; frontal cerebrum; cor
Haemophilus influenzae – meningită bacteriană,336,336.41,4,GRIPA; Miocardita; Pneumonia; ENCEFALITA,bronchi; trachea; myocardium; occipital cerebrum; pulma; cerebrum totalis; mucosa nasalis; frontal cerebrum; cor
Influenza A (H1N1),Necunoscut,"7.733.435,29",4,GRIPA; Miocardita; Pneumonia; ENCEFALITA,bronchi; trachea; myocardium; occipital cerebrum; pulma; cerebrum totalis; mucosa nasalis; frontal cerebrum; cor
Influenza A and B,Necunoscut,"313,000",4,GRIPA; Miocardita; Pneumonia; ENCEFALITA,bronchi; trachea; myocardium; occipital cerebrum; pulma; cerebrum totalis; mucosa nasalis; frontal cerebrum; cor
Influenza A și B (vaccin gripa),"320, 315",323.9,4,GRIPA; Miocardita; Pneumonia; ENCEFALITA,bronchi; trachea; myocardium; occipital cerebrum; pulma; cerebrum totalis; mucosa nasalis; frontal cerebrum; cor
Influenza A și B – injecție de influență,"320, 315",323.9,4,GRIPA; Miocardita; Pneumonia; ENCEFALITA,bronchi; trachea; myocardium; occipital cerebrum; pulma; cerebrum totalis; mucosa nasalis; frontal cerebrum; cor
Influenza B,Necunoscut,4.814.212,4,GRIPA; Miocardita; Pneumonia; ENCEFALITA,bronchi; trachea; myocardium; occipital cerebrum; pulma; cerebrum totalis; mucosa nasalis; frontal cerebrum; cor
Influenza vaccination,Necunoscut,468.952,4,GRIPA; Miocardita; Pneumonia; ENCEFALITA,bronchi; trachea; myocardium; occipital cerebrum; pulma; cerebrum totalis; mucosa nasalis; frontal cerebrum; cor
Measles antigen (Rujeola),Virus,"369,500",2,Pneumonia; ENCEFALITA,bronchi; occipital cerebrum; pulma; cerebrum totalis; frontal cerebrum
Measles antigen,Necunoscut,-,2,Pneumonia; ENCEFALITA,bronchi; occipital cerebrum; pulma; cerebrum totalis; frontal cerebrum
Measles antigen (rujeola),371,373.0,2,Pneumonia; ENCEFALITA,bronchi; occipital cerebrum; pulma; cerebrum totalis; frontal cerebrum
"Rabies lyssavirus (Rabie, turbare)",Virus,4.812.543,1,ENCEFALITA,cerebrum totalis; frontal cerebrum; occipital cerebrum
West Nile,Virus,9.832.234,1,ENCEFALITA,cerebrum totalis; frontal cerebrum; occipital cerebrum
West Nile virus,Necunoscut,virus,1,ENCEFALITA,cerebrum totalis; frontal cerebrum; occipital cerebrum
Balamuthia mandrillaris,Parazit,"278,000",4,FATA; Encefalita amoebiană granulomatoasă (Acanthamoeba spp.); LEZIUNI; ENCEFALITA,nervus facialis; muscle; granuloma dentis; cutis; os; occipital cerebrum; cerebrum totalis; bones; frontal cerebrum
Trypanosoma cruzi (țesut de creier),463,465.65,1,ENCEFALITA,cerebrum totalis; frontal cerebrum; occipital cerebrum
Acanthamoeba culbertsoni,Necunoscut,-,3,FATA; Encefalita amoebiană granulomatoasă (Acanthamoeba spp.); ENCEFALITA,nervus facialis; granuloma dentis; cutis; os; occipital cerebrum; cerebrum totalis; bones; frontal cerebrum
Actinomycetem comitans,Bacterie,6.846.464,4,Endocardita bacteriană (streptococi viridans sau enterococi); Endocardita Infecțioasă; Endocardita gonococică; Endocardita bacteriană,mitrai valve; endocardium; myocardium; cor
Staphilococcus aureus,Bacterie,"376,270",9,"Endocardita bacteriană; Endocardita bacteriană (streptococi viridans sau enterococi); Endocardita Infecțioasă; Pneumonia; Osteomielita acută și cronică; Endocardita gonococică; Impetigo; Infecții cutanate (Impetigo, erizipel, celulită); Sindromul streptococic asemănător șocului toxic",bronchi; cutis; renes; os; periosteum; mitrai valve; myocardium; blood; pulma; bones; endocardium; cor
Bartonella quintana,Necunoscut,bacterie,10,"Febra de Trincee; Febra recurentă transmisă de păduchi (FRTP); Endocardita bacteriană; Endocardita bacteriană (streptococi viridans sau enterococi); Endocardita Infecțioasă; Febra recurentă transmisă de căpușe (FRTC); Endocardita gonococică; Infecții cu Bartonella (Boala Zgârieturii de Pisică, Febra Oroya, Veruca Peruană, Angiomatoza Bacilară); Febra vaporilor de metal; Febra mușcăturii de șobolan",erythrocutes; bronchi; cutis; renes; mitrai valve; myocardium; blood; pulma; lymph; endocardium; hepar; cor
Beta streptococcus (dinte),385,387.4,4,Endocardita bacteriană (streptococi viridans sau enterococi); Endocardita Infecțioasă; Endocardita gonococică; Endocardita bacteriană,mitrai valve; endocardium; myocardium; cor
Capnocytophaga ochracea,Necunoscut,bacterie,6,Infecții; Endocardita bacteriană; Endocardita bacteriană (streptococi viridans sau enterococi); Endocardita Infecțioasă; Infecții produse de mușcătura de om; Endocardita gonococică,erythrocutes; cutis; membrana synovalis; mitrai valve; myocardium; blood; lymph; endocardium; cor
Chlamydia psittaci (ornitoza),Necunoscut,bacterie,22,"Hepatita D; Perihepatita gonococică (Sindromul Fitz-Hugh-Curtis); Endocardita bacteriană (streptococi viridans sau enterococi); Hepatita cronică; Hepatita B; Hepatita HSV; FICAT — HEPATITA; Hepatita autoimună; Steatoza hepatică și hepatita steatozică; Endocardita gonococică; Hepatita C; Infecții virale (ex. Hepatita B, C); Hepatita toxică și indusă de medicamente; Hepatita acută virală; Hepatita E; HEPATITA; Hepatita alcoolică; Endocardita bacteriană; Endocardita Infecțioasă; Hepatita acută fulminantă; Hepatita cronică virală; Hepatita G",mitrai valve; myocardium; endocardium; hepar; cor
Corinebacterium xerosis,Necunoscut,bacterie,7,"Infecții; Endocardita bacteriană; Endocardita bacteriană (streptococi viridans sau enterococi); Endocardita Infecțioasă; Endocardita gonococică; Infecții cutanate (Impetigo, erizipel, celulită); Infecții cutanate (e.g., celulită, ecthyma gangrenosum)",erythrocutes; cutis; mitrai valve; myocardium; blood; lymph; endocardium; cor
Corynebacterium xerosis,316.0,"315,650",7,"Infecții; Endocardita bacteriană; Endocardita bacteriană (streptococi viridans sau enterococi); Endocardita Infecțioasă; Endocardita gonococică; Infecții cutanate (Impetigo, erizipel, celulită); Infecții cutanate (e.g., celulită, ecthyma gangrenosum)",erythrocutes; cutis; mitrai valve; myocardium; blood; lymph; endocardium; cor
Enterococcus faecium,Necunoscut,bacterie,7,Infecții urinare; Infecții; Endocardita bacteriană; Endocardita bacteriană (streptococi viridans sau enterococi); Endocardita Infecțioasă; Infecții urinare și renale; Endocardita gonococică,erythrocutes; renes; mitrai valve; myocardium; blood; lymph; endocardium; vesies urinaria; cor
Micrococcus luteus,371,373.0,18,"Infecții cauzate de Haemophilus ducreyi (chancre moale); Infecții produse de Aeromonas și Plesiomonas; Infecții prin zgârieturi de pisică (Boala zgârieturii de pisică); Infecții; Endocardita bacteriană; Infecții de transmitere sexuală și ale aparatului reproducător; Endocardita bacteriană (streptococi viridans sau enterococi); Endocardita Infecțioasă; Infecții produse prin mușcături de câine; Infecții produse de arsuri termice; Infecții provocate de Haemophilus influenzae tip b (Hib); Infecții produse de mușcătura de om; Endocardita gonococică; Infecții legate de schimbările climatice; Infecții cu Bartonella (Boala Zgârieturii de Pisică, Febra Oroya, Veruca Peruană, Angiomatoza Bacilară); Infecții produse prin mușcături de pisică; Infecții produse de mușcăturile șerpilor veninoși; Infecții cauzate de Haemophilus, Bordetella etc.",uterus; uterine cervix; prostata; renes; mitrai valve; myocardium; mucosa nasalis; dura mater encephali; blood; endocardium; auditory ossicle; vagina; tympanic cavity; membrana synovalis; nos. kpl. sinusitis; cochlea; tuba auditiva; erythrocutes; medulla spinalis; cutis; lymph; pulma; cor
Staphylococcus aureus (cultură),Necunoscut,380.85,4,Endocardita bacteriană (streptococi viridans sau enterococi); Endocardita Infecțioasă; Endocardita gonococică; Endocardita bacteriană,mitrai valve; endocardium; myocardium; cor
"Staphylococcus aureus – infecție dentară, abces, cardiopatie","378, 381",381,5,Endocardita bacteriană; Endocardita bacteriană (streptococi viridans sau enterococi); Endocardita Infecțioasă; Miocardita; Endocardita gonococică,mitrai valve; endocardium; myocardium; cor
Streptococcus mutis,Necunoscut,bacterie,4,Endocardita bacteriană (streptococi viridans sau enterococi); Endocardita Infecțioasă; Endocardita gonococică; Endocardita bacteriană,mitrai valve; endocardium; myocardium; cor
Alpha Streptococcus,Bacterie,6.484.846,2,"Endocardita bacteriană (streptococi viridans sau enterococi); Infecții sistemice și sepsis (e.g., bacteriemie, fungemie)",erythrocutes; mitrai valve; myocardium; blood; lymph; endocardium; cor
Alpha-hemolytic Streptococcus,Bacterie,"369,750",2,Endocardita bacteriană (streptococi viridans sau enterococi); Pneumonia,bronchi; mitrai valve; myocardium; pulma; endocardium; cor
Streptococcus mitis,Bacterie,"313,800",2,"Endocardita bacteriană (streptococi viridans sau enterococi); Infecții sistemice și sepsis (e.g., bacteriemie, fungemie)",erythrocutes; mitrai valve; myocardium; blood; lymph; endocardium; cor
Neisseria gonorrhea – gonoree,334,336.5,2,SALPINGITA; Endocardita gonococică,uterus; endometrium; mitrai valve; myocardium; endocardium; uterine tube; cor
Bacillus spp,Necunoscut,bacterie,15,"Infecții cauzate de Haemophilus ducreyi (chancre moale); Infecții produse de Aeromonas și Plesiomonas; Infecții prin zgârieturi de pisică (Boala zgârieturii de pisică); Infecții; Endoftalmita; Infecții de transmitere sexuală și ale aparatului reproducător; Infecții produse prin mușcături de câine; Infecții produse de arsuri termice; Infecții provocate de Haemophilus influenzae tip b (Hib); Infecții produse de mușcătura de om; Infecții legate de schimbările climatice; Infecții cu Bartonella (Boala Zgârieturii de Pisică, Febra Oroya, Veruca Peruană, Angiomatoza Bacilară); Infecții produse prin mușcături de pisică; Infecții produse de mușcăturile șerpilor veninoși; Infecții cauzate de Haemophilus, Bordetella etc.",uterus; uterine cervix; prostata; renes; mucosa nasalis; dura mater encephali; vitreous body; conjunctiva; blood; auditory ossicle; vagina; tympanic cavity; membrana synovalis; crystalline lens; cornea; nos. kpl. sinusitis; tuba auditiva; cochlea; erythrocutes; medulla spinalis; cutis; lymph; pulma
Escherichia coli,Bacterie,"356,000",8,Infecții urinare; Infecții; GASTROENTERITA; Infecții urinare și renale; ENTERITA; Sindromul hemolitic-uremic; URINA (INFECȚII URINARE) SAU CISTITA; Septicemie bacteriană,duodenum; erythrocutes; cardia; pylorus; renes; lymph; blood; ileum; ventriculus; vesies urinaria; jejunum; cor
Salmonella paratyphi,Bacterie,"365,000",2,ENTERITA; GASTROENTERITA,duodenum; cardia; pylorus; ileum; ventriculus; jejunum
Acido micotox tenuazonico,☠️ Toxină,8.646.464,2,ENTERITA; GASTROENTERITA,duodenum; cardia; pylorus; ileum; ventriculus; jejunum
E. coli,Necunoscut,bacterie,8,Infecții urinare; Infecții; GASTROENTERITA; Infecții urinare și renale; ENTERITA; Sindromul hemolitic-uremic; URINA (INFECȚII URINARE) SAU CISTITA; Septicemie bacteriană,duodenum; erythrocutes; cardia; pylorus; renes; lymph; blood; ileum; ventriculus; vesies urinaria; jejunum; cor
Erwinia carotovora,373,"368,100",3,ENTERITA; GASTROENTERITA; Hipoxemia severă (Sindromul de detresă respiratorie a adultului - ARDS),duodenum; bronchi; cardia; pylorus; pulma; ileum; ventriculus; jejunum
Escherichia coli (E. coli),"356, 393",356,8,Infecții urinare; Infecții; GASTROENTERITA; Infecții urinare și renale; ENTERITA; Sindromul hemolitic-uremic; URINA (INFECȚII URINARE) SAU CISTITA; Septicemie bacteriană,duodenum; erythrocutes; cardia; pylorus; renes; lymph; blood; ileum; ventriculus; vesies urinaria; jejunum; cor
Escherichia coli (E. coli) – bacterie intestinală,"356, 393",356,8,Infecții urinare; Infecții; GASTROENTERITA; Infecții urinare și renale; ENTERITA; Sindromul hemolitic-uremic; URINA (INFECȚII URINARE) SAU CISTITA; Septicemie bacteriană,duodenum; erythrocutes; cardia; pylorus; renes; lymph; blood; ileum; ventriculus; vesies urinaria; jejunum; cor
Salmonella typhimurium (pentru febra tifoida),Necunoscut,1.411.111,3,"ENTERITA; GASTROENTERITA; Infecții sistemice și sepsis (e.g., bacteriemie, fungemie)",duodenum; erythrocutes; cardia; pylorus; lymph; blood; ileum; ventriculus; jejunum; cor
Salmonella enteritidis (pentru salmoneloza),Bacterie,"329,000",2,ENTERITA; GASTROENTERITA,duodenum; cardia; pylorus; ileum; ventriculus; jejunum
Salmonella typhimurium (pentru salmoneloza),Bacterie,"382,300",2,ENTERITA; GASTROENTERITA,duodenum; cardia; pylorus; ileum; ventriculus; jejunum
Salmonella typhimurium,"355, 386, 390",386.55,2,ENTERITA; GASTROENTERITA,duodenum; cardia; pylorus; ileum; ventriculus; jejunum
Gastrothylax elongatus,Parazit,"451,900",1,ENTERITA,duodenum; ileum; jejunum
Macracanthorhynchus,Parazit,"438,850",1,ENTERITA,duodenum; ileum; jejunum
Macracanthorphnchus,440,442.8,2,ENTERITA; Peritonita la amidon,duodenum; ileum; jejunum; peritonaeum
Ancylostoma braziliense (dezvoltat),401,403.25,3,ENTERITA; Larva migrans cutanată; Larva migrans viscerală și oculară,duodenum; cutis; petina et chorioidea; ileum; hepar; jejunum
Ancylostoma caninum,"400, 393, 386","383,100",3,ENTERITA; Larva migrans cutanată; Larva migrans viscerală și oculară,duodenum; cutis; petina et chorioidea; ileum; hepar; jejunum
Cabbage Black Rot,Necunoscut,-,3,ENTERITA; GASTROENTERITA; Hipoxemia severă (Sindromul de detresă respiratorie a adultului - ARDS),duodenum; bronchi; cardia; pylorus; pulma; ileum; ventriculus; jejunum
Clostridium perfringens,Necunoscut,bacterie,1,ENTERITA,duodenum; ileum; jejunum
Echinostema revolutum,Necunoscut,parazit,1,ENTERITA,duodenum; ileum; jejunum
Eimeria stiedae,Necunoscut,-,2,ENTERITA; HEPATITA,duodenum; ileum; hepar; jejunum
Erwinia amylovora,350,352.1,2,ENTERITA; GASTROENTERITA,duodenum; cardia; pylorus; ileum; ventriculus; jejunum
Murine norovirus (MNV),Necunoscut,virus,3,ENTERITA; Hepatita acută virală; GASTROENTERITA,duodenum; cardia; pylorus; ileum; ventriculus; hepar; jejunum
Pelomyxa carolinensis,422,424.5,1,ENTERITA,duodenum; ileum; jejunum
Plasmodiophora brassicae (cabbage clubroot),Fără frecvență notată,-,2,ENTERITA; GASTROENTERITA,duodenum; cardia; pylorus; ileum; ventriculus; jejunum
Potato Ring Rot*,Necunoscut,435,3,ENTERITA; INELAR; GASTROENTERITA,duodenum; cardia; pylorus; ileum; ventriculus; jejunum; Sistemic
Rotifer,Necunoscut,-,2,ENTERITA; GASTROENTERITA,duodenum; cardia; pylorus; ileum; ventriculus; jejunum
Salmonella typhimurium – intoxicație alimentară,351,386.55,2,ENTERITA; GASTROENTERITA,duodenum; cardia; pylorus; ileum; ventriculus; jejunum
Spori subterminali (frotiu bac.),Necunoscut,385.95,1,ENTERITA,duodenum; ileum; jejunum
Trichomonas muris,Necunoscut,-,1,ENTERITA,duodenum; ileum; jejunum
Troglodytella abrassari 2nd range,Necunoscut,"416,900",1,ENTERITA,duodenum; ileum; jejunum
Gaffkya tetragena,Bacterie,"344,850",5,Epiglotita; Sinuzita fungică invazivă; Infecții; Tuberculoza căilor respiratorii superioare; Otita medie (C. trachomatis),tympanic cavity; erythrocutes; nos. kpl. sinusitis; bronchi; mem. max. sinus; lymph; blood; pulma; mucosa nasalis; larynx; pharynx; mem. frontal sinus; cochlea; tuba auditiva; auditory ossicle
Gaffkya tetragena – infecție respiratorie,350,352.5,5,Epiglotita; Sinuzita fungică invazivă; Infecții; Tuberculoza căilor respiratorii superioare; Otita medie (C. trachomatis),tympanic cavity; erythrocutes; nos. kpl. sinusitis; bronchi; mem. max. sinus; lymph; blood; pulma; mucosa nasalis; larynx; pharynx; mem. frontal sinus; cochlea; tuba auditiva; auditory ossicle
Paragonimus UBS,Parazit,"6.154.855,25",2,EPILEPSIE; Tuse și Hemoptizie,erythrocutes; bronchi; blood; occipital cerebrum; pulma; cerebrum totalis; frontal cerebrum
Taenia solium (cysticercus),Parazit,"475,000",3,EPILEPSIE; TENIA; Hipertensiune,renes; occipital cerebrum; colon; cerebrum totalis; ileum; frontal cerebrum; arteries; cor
Taenia solium,Necunoscut,"444,000",3,EPILEPSIE; TENIA; Hipertensiune,renes; occipital cerebrum; colon; cerebrum totalis; ileum; frontal cerebrum; arteries; cor
Taenia solium oua,Necunoscut,-,10,MUȘCHI — MIOPATIE; MUȘCHI — TETANOS; MUȘCHI (ÎN GENERAL); EPILEPSIE; MUȘCHI — CONVULSII; MUȘCHI — FIBROMATOZĂ; MUȘCHI-DISTROFIE MUSCULARĂ; MUȘCHI — MIOZITA; MUȘCHI — TRISMUS; MUȘCHI — MIASTENIE,medulla spinalis; muscle; nervus trigeminus; occipital cerebrum; cerebrum totalis; frontal cerebrum
Corynebacterium pseudodiphthericum,Necunoscut,-,5,GAT — FARINGITA; Faringita streptococică; Infecții; Tuberculoza căilor respiratorii superioare; FARINGITA,erythrocutes; bronchi; lymph; blood; pulma; larynx; pharynx
"Streptococcus, viruses and bacteria",Bacterie,"6.340.213,14",4,FARINGITA; Infecții anaerobe mixte; Infecții; Sinuzita fungică invazivă,erythrocutes; cutis; mem. max. sinus; lymph; blood; peritonaeum; mucosa nasalis; larynx; pharynx; mem. frontal sinus; nos. kpl. sinusitis
Un virus de răceală HRC,Necunoscut,364.9,1,FARINGITA,larynx; pharynx
Neisseria meningitides (Boala meningococica),Bacterie,5.891.423,1,FATA,nervus facialis; os; cutis; bones
Spirillum serpens,Bacterie,"378,350",6,"Febra recurentă transmisă de păduchi (FRTP); Febra de Trincee; Febra recurentă transmisă de căpușe (FRTC); Infecții cu Bartonella (Boala Zgârieturii de Pisică, Febra Oroya, Veruca Peruană, Angiomatoza Bacilară); Febra vaporilor de metal; Febra mușcăturii de șobolan",erythrocutes; bronchi; cutis; renes; lymph; blood; pulma; hepar
Borrelia duttoni,Necunoscut,bacterie,8,"FRICA; Febra recurentă transmisă de păduchi (FRTP); Febra de Trincee; Infecții cauzate de Haemophilus ducreyi (chancre moale); Febra recurentă transmisă de căpușe (FRTC); Infecții cu Bartonella (Boala Zgârieturii de Pisică, Febra Oroya, Veruca Peruană, Angiomatoza Bacilară); Febra vaporilor de metal; Febra mușcăturii de șobolan",erythrocutes; tympanic cavity; bronchi; cutis; renes; tuba auditiva; blood; lymph; pulma; sympathicus; hepar; corpus amygdaloid.; auditory ossicle; cochlea
Borrelia hermsii,Necunoscut,bacterie,6,"Febra recurentă transmisă de păduchi (FRTP); Febra de Trincee; Febra recurentă transmisă de căpușe (FRTC); Infecții cu Bartonella (Boala Zgârieturii de Pisică, Febra Oroya, Veruca Peruană, Angiomatoza Bacilară); Febra vaporilor de metal; Febra mușcăturii de șobolan",erythrocutes; bronchi; cutis; renes; lymph; blood; pulma; hepar
Borrelia parkeri,Necunoscut,bacterie,6,"Febra recurentă transmisă de păduchi (FRTP); Febra de Trincee; Febra recurentă transmisă de căpușe (FRTC); Infecții cu Bartonella (Boala Zgârieturii de Pisică, Febra Oroya, Veruca Peruană, Angiomatoza Bacilară); Febra vaporilor de metal; Febra mușcăturii de șobolan",erythrocutes; bronchi; cutis; renes; lymph; blood; pulma; hepar
Legionella pneumophila (Legioneloza),Bacterie,5.142.122,1,Febra Pontiac,bronchi; pulma
Coxiella burnetii,Febra q,bacterie,19,"Hepatita D; Perihepatita gonococică (Sindromul Fitz-Hugh-Curtis); Febra Q; Hepatita cronică; Hepatita B; Hepatita HSV; FICAT — HEPATITA; Hepatita autoimună; Steatoza hepatică și hepatita steatozică; Hepatita C; Infecții virale (ex. Hepatita B, C); Hepatita toxică și indusă de medicamente; Hepatita acută virală; Hepatita E; HEPATITA; Hepatita alcoolică; Hepatita acută fulminantă; Hepatita cronică virală; Hepatita G",hepar; cor; pulma
Coxiella burnetii (Febra Q),Bacterie,5.148.542,19,"Hepatita D; Perihepatita gonococică (Sindromul Fitz-Hugh-Curtis); Febra Q; Hepatita cronică; Hepatita B; Hepatita HSV; FICAT — HEPATITA; Hepatita autoimună; Steatoza hepatică și hepatita steatozică; Hepatita C; Infecții virale (ex. Hepatita B, C); Hepatita toxică și indusă de medicamente; Hepatita acută virală; Hepatita E; HEPATITA; Hepatita alcoolică; Hepatita acută fulminantă; Hepatita cronică virală; Hepatita G",hepar; cor; pulma
Borrelia anserina,Necunoscut,bacterie,2,Febra recurentă transmisă de păduchi (FRTP); Febra recurentă transmisă de căpușe (FRTC),erythrocutes; blood
Salmonella enteritidis (pentru febra tifoida),Necunoscut,1.411.111,18,"Infecții virale (ex. Hepatita B, C); Hepatita D; Perihepatita gonococică (Sindromul Fitz-Hugh-Curtis); Hepatita cronică virală; Hepatita toxică și indusă de medicamente; Hepatita autoimună; Hepatita acută fulminantă; Hepatita acută virală; Steatoza hepatică și hepatita steatozică; Hepatita cronică; Hepatita B; HEPATITA; Hepatita E; FICAT — HEPATITA; Hepatita HSV; Hepatita G; Hepatita alcoolică; Hepatita C",hepar
Demodex folliculorum,Necunoscut,-,1,FOLICULITA,cutis
Campylobacter pyloridis,Bacterie,"352,000",4,ULCER PEPTIC SAU GASTRIC (la duoden sau stomac); GASTRITA; Ulcer peptic și tulburări conexe; Gastrita,duodenum; cardia; pylorus; ileum; ventriculus; jejunum
Penicillium mycelium*,Necunoscut,409,1,GAT - NOD IN GAT,larynx; pharynx
Prosthogonimus macrorchis (oua),401,404.75,1,GAT - NOD IN GAT,larynx; pharynx
Depunere pe dinți I,Necunoscut,298.25,2,GINGIVITA; GINGII — GINGIVITA ACUTA,teeth
Depunere pe dinți II,Necunoscut,284,1,GINGIVITA,teeth
Endamoeba gingivalis trophozoite,438,441.0,1,GINGIVITA,teeth
Prevotella intermedia,Necunoscut,bacterie,4,Infecții anaerobe mixte; GINGIVITA; Infecții; SARCINA,erythrocutes; uterus; cutis; endometrium; ovaria; lymph; blood; peritonaeum; teeth
Children's flu vaccine,Necunoscut,951.740,2,INCONTINENTA LA COPII; GRIPA,bronchi; medulla spinalis; trachea; pulma; mucosa nasalis; vesies urinaria
Dioctophyme renale,Parazit,"230,000",1,HEMATURIE,renes
Babesia microti,Necunoscut,"250,000",3,Insuficiența renală cronică; Hemoliza datorată traumatismelor intracirculatorii; Insuficiența renală acută,erythrocutes; renes; blood
Hemoroizi (Grabovoi),Necunoscut,altele,1,HEMOROIZI,tumica mucosa coli; colon
Epstein Barr,Virus,"372,500",5,LIMFOM; MONONUCLEOZA; M.N.I.: (MONONUCLEOZA INFECȚIOASĂ); Hepatita E; HEPATITA,lymph; bone marrow; pharynx; hepar; lien
Epstein Barr virus (EBV),"380, 375",382.85,5,LIMFOM; MONONUCLEOZA; M.N.I.: (MONONUCLEOZA INFECȚIOASĂ); Hepatita E; HEPATITA,lymph; bone marrow; pharynx; hepar; lien
Epstein Barre virus (EBV),"380, 375",382.85,5,LIMFOM; MONONUCLEOZA; M.N.I.: (MONONUCLEOZA INFECȚIOASĂ); Hepatita E; HEPATITA,lymph; bone marrow; pharynx; hepar; lien
Histomonas meleagridis,Parazit,"376,550",1,HEPATITA,hepar
Histomonas meleagridis (ficat),377,378.7,1,HEPATITA,hepar
Herpes simplex 2,Necunoscut,5.130.655,5,Herpes simplex genital; HERPES GENITAL SAU HERPES VAGINAL; Infecții oculare cu HSV; Infecția neonatală cu HSV; Infecție cu Dermatofite,vagina; cutis; conjunctiva; cerebrum totalis; crystalline lens; cornea; hepar; vitreous body
Herpes No 2,Necunoscut,virus,2,Herpes simplex genital; HERPES GENITAL SAU HERPES VAGINAL,vagina; cutis
Herpes Zoster (zona zoster),418,420.2,5,Herpes Zoster (Zona Zoster); Herpes zoster; Herpes zoster oftalmic; Herpes Zoster; Herpes Zoster Oftalmic,cutis; conjunctiva; crystalline lens; cornea; vitreous body
Herpes zoster – zona zoster,418,420.2,5,Herpes Zoster (Zona Zoster); Herpes zoster; Herpes zoster oftalmic; Herpes Zoster; Herpes Zoster Oftalmic,cutis; conjunctiva; crystalline lens; cornea; vitreous body
Corona Wuhan,Virus,"9.243.233,75",2,Hipoxemia severă (Sindromul de detresă respiratorie a adultului - ARDS); Sindromul de detresă respiratorie acută (ARDS),bronchi; pulma
Corona,Necunoscut,"5.494.153,18",2,Hipoxemia severă (Sindromul de detresă respiratorie a adultului - ARDS); Sindromul de detresă respiratorie acută (ARDS),bronchi; pulma
Corona (Craiova),Necunoscut,4.986.489,2,Hipoxemia severă (Sindromul de detresă respiratorie a adultului - ARDS); Sindromul de detresă respiratorie acută (ARDS),bronchi; pulma
Corona virus,Necunoscut,virus,2,Hipoxemia severă (Sindromul de detresă respiratorie a adultului - ARDS); Sindromul de detresă respiratorie acută (ARDS),bronchi; pulma
Leptospira interrogans,Bacterie,"397,050",3,Insuficiență renală cronică; Icter; Insuficiență renală acută,bilirubin; renes
Leptospira interrogans (spirocheta),399,401.1,3,Insuficiență renală cronică; Icter; Insuficiență renală acută,bilirubin; renes
Septospira biflexa,Necunoscut,bacterie,1,Icter,bilirubin
Dipylidium caninum (scolex),Necunoscut,"451,950",2,INCONTINENTA LA COPII; Prurit,erythrocutes; medulla spinalis; cutis; blood; vesies urinaria
Monocystis agilis,Necunoscut,-,1,Infecție cu Dermatofite,cutis
Bacillus sterothermophilus,Necunoscut,-,1,Infecții,erythrocutes; lymph; blood
Bryozoa cristatalla,Necunoscut,-,1,Infecții,erythrocutes; lymph; blood
Rhizobium leguminosarum,Necunoscut,-,1,Infecții,erythrocutes; lymph; blood
Tobacco mosaic virus (tobacco),Virus,"427,150",5,Pneumonita HSV; Infecții; Plămânul fermierului (pneumonita de hipersensibilizare); Pneumonita de hipersensibilizare (PH); Infecții cutaneo-mucoase (la pacienții imunodeprimați),erythrocutes; bronchi; os; lymph; blood; pulma; bones
Acinetobacter baumani,Bacterie,4.815.421,9,"Infecții urinare; Infecții; Pneumonia de hipersensibilizare; Pneumonia industrială (expunere la oxizi de metale sau gaze acide); Pneumonia; Infecții urinare și renale; Pneumonia cu pulberi organice (exemplu: sporii de ciuperci); Infecții nosocomiale; Infecții sistemice și sepsis (e.g., bacteriemie, fungemie)",erythrocutes; bronchi; renes; lymph; blood; pulma; vesies urinaria; cor
Citrobacter spp,Necunoscut,bacterie,5,Infecții urinare; Infecții; Infecții urinare și renale; Infecții nosocomiale; Septicemie bacteriană,erythrocutes; renes; lymph; blood; pulma; vesies urinaria; cor
Anaerococcus,Bacterie,4.864.654,2,Infecții anaerobe mixte; Infecții,erythrocutes; cutis; lymph; blood; peritonaeum
Bacillus subtilis var niger,Bacterie,"371,850",1,Infecții,erythrocutes; lymph; blood
Morganella morganii,Necunoscut,bacterie,5,Infecții urinare; Infecții; Infecții urinare și renale; URINA (INFECȚII URINARE) SAU CISTITA; Septicemie bacteriană,erythrocutes; renes; lymph; blood; vesies urinaria; cor
Proteus mirabilis,Bacterie,"320,550",4,Septicemie bacteriană; Infecții urinare; Infecții; Infecții urinare și renale,erythrocutes; renes; lymph; blood; vesies urinaria; cor
Sphaerotilus natans,Bacterie,"388,400",14,"Infecții cauzate de Haemophilus ducreyi (chancre moale); Infecții produse de Aeromonas și Plesiomonas; Infecții prin zgârieturi de pisică (Boala zgârieturii de pisică); Infecții; Infecții de transmitere sexuală și ale aparatului reproducător; Infecții produse prin mușcături de câine; Infecții produse de arsuri termice; Infecții provocate de Haemophilus influenzae tip b (Hib); Infecții produse de mușcătura de om; Infecții legate de schimbările climatice; Infecții cu Bartonella (Boala Zgârieturii de Pisică, Febra Oroya, Veruca Peruană, Angiomatoza Bacilară); Infecții produse prin mușcături de pisică; Infecții produse de mușcăturile șerpilor veninoși; Infecții cauzate de Haemophilus, Bordetella etc.",uterus; uterine cervix; prostata; renes; mucosa nasalis; dura mater encephali; blood; auditory ossicle; vagina; tympanic cavity; membrana synovalis; nos. kpl. sinusitis; cochlea; tuba auditiva; erythrocutes; medulla spinalis; cutis; lymph; pulma
Streptococcus lactis,Bacterie,"382,000",1,Infecții,erythrocutes; lymph; blood
Arcyria,Fungi,"81,000",2,Infecții la gazda imunocompromisă; Infecții,erythrocutes; lymph; blood; pulma
Acetobacter aceti,393,393,3,Infecții la gazda imunocompromisă; Infecții produse de mușcătura de om; Infecții,erythrocutes; cutis; membrana synovalis; lymph; blood; pulma
Agrobacterium tumefaciens,Necunoscut,-,2,Infecții; Infecții nosocomiale,erythrocutes; renes; lymph; blood; pulma
Alcaligenes faecalis,"380, 375",385.4,3,Infecții urinare; Infecții; Infecții urinare și renale,erythrocutes; renes; lymph; blood; vesies urinaria
Azobacter chroococcum,Necunoscut,-,4,Infecții la gazda imunocompromisă; Infecții cutaneo-mucoase (la pacienții imunodeprimați); Infecții produse de mușcătura de om; Infecții,erythrocutes; cutis; membrana synovalis; os; lymph; blood; pulma; bones
Bacillus megaterium,Necunoscut,-,14,"Infecții cauzate de Haemophilus ducreyi (chancre moale); Infecții produse de Aeromonas și Plesiomonas; Infecții prin zgârieturi de pisică (Boala zgârieturii de pisică); Infecții; Infecții de transmitere sexuală și ale aparatului reproducător; Infecții produse prin mușcături de câine; Infecții produse de arsuri termice; Infecții provocate de Haemophilus influenzae tip b (Hib); Infecții produse de mușcătura de om; Infecții legate de schimbările climatice; Infecții cu Bartonella (Boala Zgârieturii de Pisică, Febra Oroya, Veruca Peruană, Angiomatoza Bacilară); Infecții produse prin mușcături de pisică; Infecții produse de mușcăturile șerpilor veninoși; Infecții cauzate de Haemophilus, Bordetella etc.",uterus; uterine cervix; prostata; renes; mucosa nasalis; dura mater encephali; blood; auditory ossicle; vagina; tympanic cavity; membrana synovalis; nos. kpl. sinusitis; cochlea; tuba auditiva; erythrocutes; medulla spinalis; cutis; lymph; pulma
Bacillus subtilis spore,Necunoscut,-,2,Infecții; Infecții nosocomiale,erythrocutes; renes; lymph; blood; pulma
Bacillus subtilis – spori,Necunoscut,-,1,Infecții,erythrocutes; lymph; blood
Breviibacterium epidermitis,Necunoscut,bacterie,17,"Infecții cauzate de Haemophilus ducreyi (chancre moale); Infecții produse de Aeromonas și Plesiomonas; Infecții prin zgârieturi de pisică (Boala zgârieturii de pisică); Infecții; Infecții de transmitere sexuală și ale aparatului reproducător; Infecții produse prin mușcături de câine; Infecții produse de arsuri termice; Infecții provocate de Haemophilus influenzae tip b (Hib); Peritonita la amidon; Infecții produse de mușcătura de om; Infecții legate de schimbările climatice; Infecții cu Bartonella (Boala Zgârieturii de Pisică, Febra Oroya, Veruca Peruană, Angiomatoza Bacilară); Infecții cutanate (Impetigo, erizipel, celulită); Infecții produse prin mușcături de pisică; Infecții cauzate de Haemophilus, Bordetella etc.; Infecții produse de mușcăturile șerpilor veninoși; Infecții cutanate (e.g., celulită, ecthyma gangrenosum)",uterus; uterine cervix; prostata; renes; mucosa nasalis; dura mater encephali; blood; peritonaeum; auditory ossicle; vagina; tympanic cavity; membrana synovalis; nos. kpl. sinusitis; cochlea; tuba auditiva; erythrocutes; medulla spinalis; cutis; lymph; pulma
Campylobacter rectus,Necunoscut,bacterie,1,Infecții,erythrocutes; lymph; blood
Chaetomium*,Necunoscut,210,1,Infecții,erythrocutes; lymph; blood
"Chilomonas, dezvoltat",398,400,3,Infecții la gazda imunocompromisă; Infecții produse de mușcătura de om; Infecții,erythrocutes; cutis; membrana synovalis; lymph; blood; pulma
Clostridium acetobutylicum,"389, 384",391.15,3,"Infecții anaerobe mixte; Infecții; Infecții profunde ale gâtului (spațiu faringian, lateral sau submandibular)",erythrocutes; cutis; parotid gland; lymph; blood; peritonaeum; larynx; pharynx; teeth; submandibular gland
Clostridium sporogenes,Necunoscut,-,2,Infecții anaerobe mixte; Infecții,erythrocutes; cutis; lymph; blood; peritonaeum
Corynebacterium xeroxis,316,316.8,5,"Infecții; Infecții la gazda imunocompromisă; Infecții cutaneo-mucoase (la pacienții imunodeprimați); Infecții cutanate (Impetigo, erizipel, celulită); Infecții cutanate (e.g., celulită, ecthyma gangrenosum)",erythrocutes; cutis; os; lymph; blood; pulma; bones
Micrococcus roseus,Necunoscut,-,3,"Infecții la gazda imunocompromisă; Infecții; Infecții sistemice și sepsis (e.g., bacteriemie, fungemie)",erythrocutes; lymph; blood; pulma; cor
Mycobacterium phley,Necunoscut,bacterie,2,"Infecții; Infecții pulmonare (e.g., pneumonie, aspergiloză)",erythrocutes; bronchi; lymph; blood; pulma
Mycobacterium smegmatis,410,410.65,16,"Infecții cauzate de Haemophilus ducreyi (chancre moale); Infecții produse de Aeromonas și Plesiomonas; Infecții prin zgârieturi de pisică (Boala zgârieturii de pisică); Infecții; Infecții de transmitere sexuală și ale aparatului reproducător; Infecții produse prin mușcături de câine; Infecții produse de arsuri termice; Infecții provocate de Haemophilus influenzae tip b (Hib); Infecții produse de mușcătura de om; Infecții legate de schimbările climatice; Infecții cu Bartonella (Boala Zgârieturii de Pisică, Febra Oroya, Veruca Peruană, Angiomatoza Bacilară); Infecții cutanate (Impetigo, erizipel, celulită); Infecții produse prin mușcături de pisică; Infecții cauzate de Haemophilus, Bordetella etc.; Infecții produse de mușcăturile șerpilor veninoși; Infecții cutanate (e.g., celulită, ecthyma gangrenosum)",uterus; uterine cervix; prostata; renes; mucosa nasalis; dura mater encephali; blood; auditory ossicle; vagina; tympanic cavity; membrana synovalis; nos. kpl. sinusitis; cochlea; tuba auditiva; erythrocutes; medulla spinalis; cutis; lymph; pulma
Peptoniphili,Necunoscut,bacterie,2,Infecții anaerobe mixte; Infecții,erythrocutes; cutis; lymph; blood; peritonaeum
Pseudomonas aeruginosa – răni deschise,333,334.6,3,"Infecții; Pneumonie cauzată de Haemophilus influenzae; Infecții sistemice și sepsis (e.g., bacteriemie, fungemie)",erythrocutes; tympanic cavity; bronchi; lymph; blood; pulma; auditory ossicle; cochlea; tuba auditiva; cor
Pseudomonas fluorescens,Necunoscut,-,2,Infecții; Infecții nosocomiale,erythrocutes; renes; lymph; blood; pulma
Pseudomonas gingivalis,Necunoscut,bacterie,1,Infecții,erythrocutes; lymph; blood
Veillonella,Necunoscut,bacterie,2,"Infecții; Infecții sistemice și sepsis (e.g., bacteriemie, fungemie)",erythrocutes; lymph; blood; cor
Sarcina lutea,Necunoscut,-,2,"Infecții; Infecții pulmonare (e.g., pneumonie, aspergiloză)",erythrocutes; bronchi; lymph; blood; pulma
Spirillum sinuosum,Necunoscut,-,2,Infecții la gazda imunocompromisă; Infecții,erythrocutes; lymph; blood; pulma
Staphylococcus epidermidis – infectează pielea și mucoasa,Necunoscut,-,3,"Infecții; Infecții nosocomiale; Infecții sistemice și sepsis (e.g., bacteriemie, fungemie)",erythrocutes; renes; lymph; blood; pulma; cor
Streptococcus lactis (in lapte),385,387,2,"Infecții; Infecții gastrointestinale (e.g., candidoza hepatică, tiflită)",erythrocutes; lymph; blood; hepar
Streptococcus lactis – în lapte,385,387,1,Infecții,erythrocutes; lymph; blood
Sub terminal spores bacillus – unguent,Necunoscut,385.95,19,"Infecții cu Herpesvirusurile Umane 6 și 7 (HHV-6, HHV-7); Infecții cu pneumococ; MUȘCHI — TETANOS; Infecții cu Bartonella (Boala Zgârieturii de Pisică, Febra Oroya, Veruca Peruană, Angiomatoza Bacilară); TETANOS; Infecții cu Citomegalovirus (CMV); Infecții non-holerice cu Vibrio; Infecții anaerobe mixte; Infecții; Infecții cu virusul Epstein-Barr (EBV); Infecții cu Herpesvirusul Umane 8 (HHV-8); Infecții cu streptococi/enterococi; Infecții cu anaerobi; Infecții cu virusul Varicelo-Zosterian (VZV); Infecții cu Legionella (boala legionarilor); Infecții cu Haemophilus influenzae netipabile; Infecții cu bacili gram-negativi; Infecții oculare cu HSV; Infecții extrapulmonare cu Legionella",bronchi; renes; nervus trigeminus; colon; dura mater encephali; vitreous body; conjunctiva; blood; peritonaeum; hepar; tympanic cavity; muscle; crystalline lens; cornea; pharynx; erythrocutes; medulla spinalis; cutis; grt. saph. vein; lymph; veins; pulma; cor
Strongyloides parasitic feminin,Necunoscut,-,2,Strongiloidoza; Infecții bacteriene: Produc toxine care activează răspunsurile inflamatorii sistemice,erythrocutes; lymph; blood; pulma; ileum
Vibrio (photobacterium) fischeri*,Necunoscut,-,1,Infecții non-holerice cu Vibrio,cutis; blood; colon
Diplococcus pneumoniae,Bacterie,"351,650",4,"Pneumonia; Sinuzita fungică invazivă; Otita medie (C. trachomatis); Infecții sistemice și sepsis (e.g., bacteriemie, fungemie)",erythrocutes; tympanic cavity; bronchi; nos. kpl. sinusitis; mem. max. sinus; lymph; blood; pulma; mucosa nasalis; mem. frontal sinus; auditory ossicle; cochlea; tuba auditiva; cor
Salmonella Dublin,Bacterie,"392,000",2,"Septicemie bacteriană; Infecții sistemice și sepsis (e.g., bacteriemie, fungemie)",erythrocutes; renes; lymph; blood; cor
Alpha streptococcus,"380, 375",385.4,1,"Infecții sistemice și sepsis (e.g., bacteriemie, fungemie)",erythrocutes; lymph; blood; cor
Cardiobacterium hominis,Necunoscut,bacterie,1,"Infecții sistemice și sepsis (e.g., bacteriemie, fungemie)",erythrocutes; lymph; blood; cor
Spirillum itersonil,380,382.8,1,"Infecții sistemice și sepsis (e.g., bacteriemie, fungemie)",erythrocutes; lymph; blood; cor
E. coli O157:H7,Necunoscut,bacterie,7,Sindromul hemolitic uremic (SHU); INTESTIN SUBȚIRE — RECTOCOLITA HEMORAGICĂ; Sindromul hemolitic-uremic; Sindromul hemolitico-uremic (SHU); Insuficiență renală cronică; Insuficiență renală acută; Insuficiența renală acută,duodenum; erythrocutes; renes; blood; tumica mucosa coli; colon; ileum; rectum; jejunum
Gripa aviara,Virus,8.142.669,7,Pneumonia; Insuficiență respiratorie hipoxemică; Sindrom de detresă respiratorie acută (SDRA); Pneumonia severă; Insuficiență respiratorie hipercarbică; Insuficiență renală acută; Sindromul de detresă respiratorie acută (ARDS),renes; bronchi; blood; pulma
Clostridium tetani,Necunoscut,bacterie,5,Insuficiență respiratorie hipoxemică; TETANOS; MOARTE; Insuficiență respiratorie hipercarbică; TRISMUS,bronchi; muscle; medulla spinalis; blood; nervus trigeminus; pulma; Sistemic
Cronobacter sakazakii – CHROM.D,Ulcerații intestin subțire,bacterie,2,INTESTIN SUBȚIRE (afecțiuni ale...); INTESTIN SUBȚIRE — RECTOCOLITA HEMORAGICĂ,duodenum; tumica mucosa coli; colon; ileum; rectum; jejunum
Leishmania mexicana,402,"400,200",2,Limfomul limfoblastic cu precursori ai celulei T sau B; Intoxicația cu gaz de ardere (fum sau gaz toxic),erythrocutes; lymph; blood; pulma; bone marrow
Toxocara (oua),Necunoscut,-,2,Larva migrans cutanată; Larva migrans viscerală și oculară,petina et chorioidea; hepar; cutis
Gnato stoma,Bacterie,"446,000",1,Larva migrans viscerală și oculară,hepar; petina et chorioidea
Toxocara gati,Parazit,"130,000",1,Larva migrans viscerală și oculară,hepar; petina et chorioidea
Ascaris – larvă în plămâni (câini și pisici),408,409.15,1,Larva migrans viscerală și oculară,hepar; petina et chorioidea
Leishmania donovani,400,"398,000",3,Leishmanioza viscerală; Splenomegalie; Limfadenopatie și Splenomegalie,lymph; blood; bone marrow; hepar; lien
Myc (în Fasciolapsis Buski),Virus,"342,000",6,Limfomul Burkitt; Leucemia/limfomul cu celule T al adultului (ATLL); Leucemia/limfomul cu celule T al adultului (HTLV-I); LIMFOM; LEUCEMIE; Limfomul limfoblastic cu precursori ai celulei T sau B,erythrocutes; jaw; granulocytes; lymph; blood; bone marrow
Oncogen tumoral nucleu multiplu ETS-1,Necunoscut,altele,6,Limfomul Burkitt; Leucemia/limfomul cu celule T al adultului (ATLL); Leucemia/limfomul cu celule T al adultului (HTLV-I); LIMFOM; LEUCEMIE; Limfomul limfoblastic cu precursori ai celulei T sau B,erythrocutes; jaw; granulocytes; lymph; blood; bone marrow
SRC (din Strongyloides),Virus,"333,000",2,LIMFOM; LEUCEMIE,erythrocutes; granulocytes; lymph; blood; bone marrow
Ehrlichia equi,Necunoscut,bacterie,2,LEUCOPENIE; Leucocitoză și leucopenie,erythrocutes; bone marrow; blood
Paracoccidioides brasiliensis,Necunoscut,ciuperca,2,Paracoccidioidomicoza; LEZIUNI,muscle; cutis; os; lymph; pulma; bones
HPV genotip 62,Necunoscut,virus,1,LEZIUNI,os; muscle; cutis; bones
HPV – 43,Necunoscut,385.383,2,LEZIUNI; Leziuni pulmonare acute legate de transfuzie (TRALI),muscle; cutis; os; blood; pulma; bones
Wart papilloma cervix smear,404.3,404.6,1,LEZIUNI,os; muscle; cutis; bones
Epstein-Barr virus,Necunoscut,virus,3,LIMFOM; MONONUCLEOZA; M.N.I.: (MONONUCLEOZA INFECȚIOASĂ),lymph; bone marrow; pharynx; hepar; lien
Maduresa xaycetomatis,Bacterie,"295,000",1,Micetomul,os; cutis; bones
Pleistofora myositis,Bacterie,"340,000",1,Microsporidioza,ileum; blood; colon
Coxsackie,Virus,"5.215.666,12",3,Miocardita; Tuberculoza pericardică (pericardita tuberculoasă); URĂ,pericardium; myocardium; cerebrum totalis; corpus amygdaloid.; cor
Coxsackie B1,Necunoscut,"360,500",7,Pancreatita acută și cronică; Pancreatita indusă de alcool; Pancreatita cronică; Pancreatita biliară; Miocardita; Tuberculoza pericardică (pericardita tuberculoasă); Pancreatita ereditară,ductus choledochus; cauda pancreat.; vesica fellea; myocardium; pericardium; pancreas; ductuli biliferi; cor
Coxsackie Bn,Necunoscut,virus,3,Miocardita; Tuberculoza pericardică (pericardita tuberculoasă); URĂ,pericardium; myocardium; cerebrum totalis; corpus amygdaloid.; cor
Coxsackie virus B-1,364,366.1,3,Miocardita; Tuberculoza pericardică (pericardita tuberculoasă); URĂ,pericardium; myocardium; cerebrum totalis; corpus amygdaloid.; cor
Coxsackie virus B-1 – cu Bacteroides fragilis,364,366.1,3,Miocardita; Tuberculoza pericardică (pericardita tuberculoasă); URĂ,pericardium; myocardium; cerebrum totalis; corpus amygdaloid.; cor
Coxsackie virus B-4,362.5,363.7,3,Miocardita; Tuberculoza pericardică (pericardita tuberculoasă); URĂ,pericardium; myocardium; cerebrum totalis; corpus amygdaloid.; cor
Coxsackie virus B-4 – cu Bacteroides fragilis,362.5,363.7,3,Miocardita; Tuberculoza pericardică (pericardita tuberculoasă); URĂ,pericardium; myocardium; cerebrum totalis; corpus amygdaloid.; cor
Coxsackievirus A16 (Boala mana-picior-gura) - copii,Necunoscut,9.987.828,3,Miocardita; Tuberculoza pericardică (pericardita tuberculoasă); URĂ,pericardium; myocardium; cerebrum totalis; corpus amygdaloid.; cor
Canal energetic IDA,Canal energetic,altele,1,MÂINI - BOALA LUI DUPUYTREN,tendon; bones; os
Canal energetic Pingala,Frecvență energetică,altele,2,MÂINI - BOALA LUI DUPUYTREN; RECT,tendon; os; tumica mucosa coli; colon; rectum; bones
Zika,Virus,"5.113.438,16",5,"Neuropatii periferice, inclusiv sindromul Guillain-Barré (GBS); Polineuropatie demielinizantă acută (sindromul Guillain-Barré); Polineuropatia demielinizantă (ex: Sindromul Guillain-Barré); Sindromul Guillain-Barré; Sindromul Guillain-Barré (GBS)",medulla spinalis; plexus brachialis; nervus ischiadicus
Virus Zika,Necunoscut,virus,5,"Neuropatii periferice, inclusiv sindromul Guillain-Barré (GBS); Polineuropatie demielinizantă acută (sindromul Guillain-Barré); Polineuropatia demielinizantă (ex: Sindromul Guillain-Barré); Sindromul Guillain-Barré; Sindromul Guillain-Barré (GBS)",medulla spinalis; plexus brachialis; nervus ischiadicus
Treponema palidum,Necunoscut,bacterie,2,Sifilis; Neurosifilis,cutis; os; occipital cerebrum; cerebrum totalis; bones; frontal cerebrum; cor
Dilofilaria immitis,Necunoscut,parazit,1,NODULI,lymph; glandula thyreoidea; cutis
Phoma,Necunoscut,ciuperca,1,NODULI,lymph; glandula thyreoidea; cutis
Adenovirus 36 (obesity virus),Necunoscut,virus,1,OBEZITATE,os; pancreas; bones; hepar; cor
Ruminococcus,Necunoscut,bacterie,1,OBEZITATE,os; pancreas; bones; hepar; cor
Mumps antigen (oreion),Virus,"377,600",1,OREION,submandibular gland; parotid gland
Mumps antigen,Necunoscut,-,1,OREION,submandibular gland; parotid gland
Veillonella dispar,Bacterie,"401,750",1,Osteomielita acută și cronică,os; periosteum; bones
Streptococcus pneumoniae,Bacterie,"366,850",3,Pneumonia; Sinuzita fungică invazivă; Otita medie (C. trachomatis),tympanic cavity; bronchi; nos. kpl. sinusitis; mem. max. sinus; pulma; mucosa nasalis; mem. frontal sinus; cochlea; tuba auditiva; auditory ossicle
Streptococcus pneumoniae (pneumonie),368,370.2,3,Pneumonia; Sinuzita fungică invazivă; Otita medie (C. trachomatis),tympanic cavity; bronchi; nos. kpl. sinusitis; mem. max. sinus; pulma; mucosa nasalis; mem. frontal sinus; cochlea; tuba auditiva; auditory ossicle
"Streptococcus pneumoniae – pneumonie, otită",368,370.2,3,Pneumonia; Sinuzita fungică invazivă; Otita medie (C. trachomatis),tympanic cavity; bronchi; nos. kpl. sinusitis; mem. max. sinus; pulma; mucosa nasalis; mem. frontal sinus; cochlea; tuba auditiva; auditory ossicle
Bacteroides fragilis,Bacterie,"324,000",6,Peritonita bacteriană spontană (PBS); Peritonita tuberculoasă; Peritonita gonococică; Peritonita acută; Peritonita la amidon; Septicemie bacteriană,erythrocutes; renes; blood; peritonaeum; hepar; cor
Bacteroides fragilis – se găsește cu Ascaris,325,325.0,6,Peritonita bacteriană spontană (PBS); Peritonita tuberculoasă; Peritonita gonococică; Peritonita acută; Peritonita la amidon; Septicemie bacteriană,erythrocutes; renes; blood; peritonaeum; hepar; cor
Bacteroidi,Necunoscut,bacterie,5,Peritonita bacteriană spontană (PBS); Peritonita tuberculoasă; Peritonita gonococică; Peritonita acută; Peritonita la amidon,hepar; peritonaeum
Respiratory syncytial virus,Virus,"378,950",10,Pneumonia industrială (expunere la oxizi de metale sau gaze acide); Pneumonia de hipersensibilizare; Pneumonia; Pneumonia streptococică; Pneumonia cu pulberi organice (exemplu: sporii de ciuperci); Pneumonia eozinofilică; Pneumonia cu Pneumocystis carinii; Pneumonia cu C. pneumoniae; Pneumonia infantilă (C. trachomatis); Pneumonia severă,bronchi; pulma
Clostridium tetani (dinte) – tetanos,Necunoscut,-,2,TETANOS; Pneumopatii de origine ambientală,bronchi; medulla spinalis; muscle; nervus trigeminus; pulma
Hymenolepis cysticercoides,Parazit,"478,000",1,Prurit,erythrocutes; blood; cutis
Passalurus ambiguus,Parazit,"428,800",1,Prurit,erythrocutes; blood; cutis
Hymenolepis nana oua,Necunoscut,-,2,RECT; Prurit,erythrocutes; cutis; blood; tumica mucosa coli; colon; rectum
Sarcoptes scabei – mâncărime,Necunoscut,-,1,Prurit,erythrocutes; blood; cutis
Stigeoclonium,Parazit,"404,250",1,RECT,rectum; tumica mucosa coli; colon
Griseofulvin,Fungi,"288,000",1,RECT,rectum; tumica mucosa coli; colon
Entamoeba coli chisturi,Necunoscut,-,1,RECT,rectum; tumica mucosa coli; colon
Hymenolepis nana – ovule,Necunoscut,-,2,TENIA; RECT,ileum; rectum; tumica mucosa coli; colon
HERV-K retrovirus,Necunoscut,virus,2,Scleroză laterală amiotrofică (ALS) și alte boli ale neuronului motor; Scleroza laterală amiotrofică (ALS),cerebrum totalis; frontal cerebrum; occipital cerebrum
MSRV (multiple sclerosis retroviruses) (HERV-W),Virus,6.989.989,2,Scleroza multiplă (SM); Scleroza multiplă,cerebrum totalis; medulla spinalis; nervus opticus
Shigella dysenteriae,Bacterie,"390,089",3,Sindromul hemolitic-uremic; Sindromul Reiter; Sindromul Reiter (C. trachomatis),erythrocutes; uterine cervix; membrana synovalis; renes; conjunctiva; blood
Shigella dysenteriae (probleme intestinale),390.089,390.089,3,Sindromul hemolitic-uremic; Sindromul Reiter; Sindromul Reiter (C. trachomatis),erythrocutes; uterine cervix; membrana synovalis; renes; conjunctiva; blood
Shigella dysenteriae – probleme intestinale,394,390.089,3,Sindromul hemolitic-uremic; Sindromul Reiter; Sindromul Reiter (C. trachomatis),erythrocutes; uterine cervix; membrana synovalis; renes; conjunctiva; blood
Plasmodium vivax smear,Necunoscut,"438,150",1,Splenomegalie,lien
Seisphmania donovani,Necunoscut,parazit,1,Splenomegalie,lien
Sporotrix shenki,Bacterie,"121,000",1,Sporotricoza,cutis
Sporotrix schenckii,Necunoscut,ciuperca,1,Sporotricoza,cutis
Strongyloides – larva filariform,400,402.0,1,Strongiloidoza,ileum; blood; pulma
Taenia saginata (cysticercus),Parazit,"476,500",2,TENIA; URĂ,cerebrum totalis; ileum; corpus amygdaloid.; colon
Taenia pisiformis oua (ova),Necunoscut,469.7,1,TENIA,ileum; colon
Taenia pisiformis – ovule (ova),Necunoscut,482.1,1,TENIA,ileum; colon
Tenie (Tapeworm),Observații,Frecv. Mare (kHz),1,TENIA,ileum; colon
Central spores bacillus,Bacterie,"372,450",1,TETANOS,medulla spinalis; muscle; nervus trigeminus
Clostridium tetani (dinte),Necunoscut,-,1,TETANOS,medulla spinalis; muscle; nervus trigeminus
Spores in bacteria spore stain,Necunoscut,-,1,TETANOS,medulla spinalis; muscle; nervus trigeminus
Spori centrali (frotiu bacil),376,378.65,1,TETANOS,medulla spinalis; muscle; nervus trigeminus
Spori terminali (frotiu bacil),Necunoscut,-,1,TETANOS,medulla spinalis; muscle; nervus trigeminus
Toxoplasma,Parazit,"395,000",2,Toxoplasmoza cerebrală; Toxoplasmoza,blood; occipital cerebrum; cerebrum totalis; frontal cerebrum; erythrocytes; hepar
Toxoplasma (tulpina umana),395,395.0,2,Toxoplasmoza cerebrală; Toxoplasmoza,blood; occipital cerebrum; cerebrum totalis; frontal cerebrum; erythrocytes; hepar
Toxoplasma (tulpina umană),395,395.0,2,Toxoplasmoza cerebrală; Toxoplasmoza,blood; occipital cerebrum; cerebrum totalis; frontal cerebrum; erythrocytes; hepar
Angio-vasolum (Angiostrongylus vasorum),Parazit,2.576.570,1,Tromboembolie pulmonară și tromboză venoasă profundă,erythrocutes; bronchi; blood; pulma
Campylobacter fetus smear,368,370.6,1,Tromboflebita intracraniană supurativă,cerebrum totalis; frontal cerebrum; veins; occipital cerebrum
Francisella tularensis (Tularaemia),Bacterie,4.819.489,1,Tularemia,lymph; blood; hepar; pulma
Bordetella parapertussis,Bacterie,2.222.221,2,TUSE; TUSE CONVULSIVĂ,trachea; bronchi; pulma
Paragonimus Westermanii adult,Parazit,"437,800",1,TUSE,trachea; bronchi; pulma
Paragonimus Westermanii dezvoltat,"452, 447",454.2,1,TUSE,trachea; bronchi; pulma
Paragonimus westermani,Necunoscut,parazit,1,TUSE,trachea; bronchi; pulma
Neg human papilloma plantar,405,406.75,1,VERUCI PLANTARE,cutis
Veruca papiloma plantar umano,Necunoscut,virus,1,VERUCI PLANTARE,cutis
Wart HA,"442, 437",444.1,1,VERUCI PLANTARE,cutis
Wart human papilloma plantar,405,406.75,1,VERUCI PLANTARE,cutis
